,Id,vader_neg,vader_neu,vader_pos,vader_compound,roberta_neg,roberta_neu,roberta_pos,Text
0,1,0.0,1.0,0.0,0.0,0.1646983921527862,0.7077895402908325,0.1275120377540588,old tau roud
1,2,0.0,0.0,1.0,0.4404,0.060793437063694,0.3294278681278229,0.609778642654419,Good
5,6,0.0,1.0,0.0,0.0,0.2588919699192047,0.538476824760437,0.2026312798261642,Vdd
7,8,0.272,0.435,0.293,0.0516,0.9751377701759338,0.0215891003608703,0.0032731702085584,yes it does this song sucks
8,9,0.0,0.0,1.0,0.4215,0.1156613305211067,0.4353364706039428,0.4490021765232086,Lol
9,10,0.0,1.0,0.0,0.0,0.2310966700315475,0.6334822177886963,0.1354211270809173,sdasdadd
11,12,0.0,1.0,0.0,0.0,0.1936390995979309,0.5857070684432983,0.2206538468599319,IIIIII
12,13,0.0,0.762,0.238,0.3612,0.4828826487064361,0.4920742511749267,0.025043049827218,That ' s like saying Pop and Rock should stay separated.
13,14,0.0,1.0,0.0,0.0,0.7187359929084778,0.2379954755306244,0.0432685017585754,girl shut up
17,18,0.0,0.13,0.87,0.7717,0.0020268291700631,0.0127631900832057,0.9852100014686584,Happy birthday :)
18,19,0.0,1.0,0.0,0.0,0.1919408291578292,0.7179959416389465,0.0900632813572883,Warra question
20,21,0.0,1.0,0.0,0.0,0.6963686943054199,0.2765680253505707,0.0270632449537515,yo mom gay
21,22,0.0,0.408,0.592,0.4404,0.0073375841602683,0.4022226929664612,0.5904397368431091, Brotha001 fr. Thanks.
22,23,0.0,0.621,0.379,0.6705,0.0044678328558802,0.0845409110188484,0.9109912514686584,Things get better as you get stronger kid. Hang in there.
23,24,0.0,1.0,0.0,0.0,0.0767978802323341,0.8488544225692749,0.0743476822972297, Gloria Waziri fr
26,27,0.0,1.0,0.0,0.0,0.1744378805160522,0.6192945837974548,0.2062675207853317,Sim.
27,28,0.0,1.0,0.0,0.0,0.1969848871231079,0.59909588098526,0.2039192020893097,Si
30,31,0.0,0.0,1.0,0.4019,0.1257113814353943,0.4731647372245788,0.4011238813400268,Yes
31,32,0.423,0.577,0.0,-0.296,0.3042192459106445,0.6539303064346313,0.0418504290282726,no i ' m the og
32,33,0.0,1.0,0.0,0.0,0.1380490362644195,0.6728742718696594,0.189076617360115,Me. Too
33,34,0.0,1.0,0.0,0.0,0.1956449747085571,0.5692458748817444,0.2351091057062149,Siuuuuuu
34,35,0.403,0.597,0.0,-0.4019,0.8569619059562683,0.1320082247257232,0.0110298311337828,"damn, this is 4 years old"
39,40,0.0,0.704,0.296,0.2732,0.1542951017618179,0.7733253240585327,0.0723795592784881,U just heard it yesterday god dame
40,41,0.0,1.0,0.0,0.0,0.2603243589401245,0.5067316293716431,0.232944056391716,Dawg
43,44,0.0,0.536,0.464,0.3818,0.0657510384917259,0.7033557295799255,0.2308932542800903,Wake up bold man
44,45,0.0,0.58,0.42,0.4404,0.0023237809073179,0.0423903688788414,0.955285906791687,This good in 2019 though
46,47,0.623,0.377,0.0,-0.5106,0.939189612865448,0.0552193336188793,0.0055910209193825,Your sick man
47,48,0.459,0.541,0.0,-0.5267,0.8282872438430786,0.1497116535902023,0.0220011267811059,Hahahaha you is Smooth  criminal
48,49,0.0,0.345,0.655,0.2263,0.2099823504686355,0.658453106880188,0.13156458735466,Jk u now
54,55,0.0,1.0,0.0,0.0,0.2883662283420563,0.5568787455558777,0.1547550410032272,Nois kkk
56,57,1.0,0.0,0.0,-0.296,0.3198991119861603,0.4954888820648193,0.1846120357513427,No
58,59,0.257,0.743,0.0,-0.7088,0.957322597503662,0.038297601044178,0.0043798079714179, Zeldris Oh No i Said Fricking! And? That doesent Change the Fucking Fakt That believing in Religion is Stupid AF
60,61,0.0,0.783,0.217,0.3597,0.9021787047386168,0.0895584002137184,0.0082629546523094,"You ' re a fricking Joke, imagine still believing in religion in 2023"
61,62,0.0,1.0,0.0,0.0,0.0507860518991947,0.8810799717903137,0.0681340247392654,eu em julho d 2023 olvindo como c fose a primeira fez
62,63,0.88,0.12,0.0,-0.8074,0.941288948059082,0.0517875701189041,0.0069235200062394,Wtf my ass
63,64,0.0,1.0,0.0,0.0,0.1992534697055816,0.61872398853302,0.1820225119590759,Bons tempos
64,65,0.0,1.0,0.0,0.0,0.3937570750713348,0.5519984364509583,0.054244540631771,I ' m here again
66,67,0.0,1.0,0.0,0.0,0.2288517951965332,0.6519450545310974,0.1192031651735305,Your point
68,69,0.0,0.0,1.0,0.5267,0.0476306863129138,0.3404705226421356,0.6118987202644348,Yay
69,70,0.0,1.0,0.0,0.0,0.1865917146205902,0.7467494606971741,0.0666587427258491,I just noticed that
70,71,0.0,1.0,0.0,0.0,0.0697920843958854,0.8335064649581909,0.0967015102505683,Let ' s go
72,73,0.0,0.0,1.0,0.6705,0.0200469363480806,0.3948975801467895,0.5850554704666138,Yes true
74,75,0.0,0.706,0.294,0.3612,0.0014142557047307,0.0464364849030971,0.952149212360382,i think you will like my new song
75,76,0.0,1.0,0.0,0.0,0.4825665652751922,0.489671528339386,0.0277619138360023,What happened? I don ' t know anything about him but this song.
76,77,0.0,0.762,0.238,0.3612,0.0018384249415248,0.061881348490715,0.9362801909446716,"same here , i think you will like my new song"
84,85,0.0,1.0,0.0,0.0,0.2474299818277359,0.510922908782959,0.2416471540927887,fr
86,87,0.0,0.494,0.506,0.6249,0.016182878986001,0.1828635931015014,0.8009535074234009,4 years later and still great
95,96,0.0,1.0,0.0,0.0,0.2384593337774276,0.5406006574630737,0.2209399938583374,Foda
96,97,0.0,1.0,0.0,0.0,0.2645238041877746,0.5163923501968384,0.2190838903188705,Oa
107,108,0.0,0.633,0.367,0.8442,0.0019461169140413,0.0099923340603709,0.988061547279358,Bro I loved this in 2019 it was my childhood song I still love it too this day
110,111,0.0,0.477,0.523,0.508,0.0089135337620973,0.2739641070365906,0.7171223759651184, Almirr yt yes sir!!
111,112,0.0,0.408,0.592,0.4404,0.0586238391697406,0.5110554695129395,0.4303207099437713,good old days
112,113,0.0,1.0,0.0,0.0,0.1534547656774521,0.5957112312316895,0.2508339583873749,Me
113,114,0.5,0.286,0.214,-0.4588,0.8604320287704468,0.1307466775178909,0.0088213076815009,Feeling bad for you
114,115,0.772,0.228,0.0,-0.5256,0.9050089120864868,0.0856391414999961,0.00935192219913,So sad
119,120,0.0,1.0,0.0,0.0,0.002326650545001,0.045819953083992,0.9518533945083618,This is actually nostalgic
120,121,0.0,1.0,0.0,0.0,0.5012584924697876,0.4465542137622833,0.0521873533725738, turquoria vamper right right right shut up mate
121,122,0.0,1.0,0.0,0.0,0.2678612470626831,0.5825159549713135,0.1496227532625198,Fr
122,123,0.0,1.0,0.0,0.0,0.049743678420782,0.6364647746086121,0.3137915134429931,righttt girl right
123,124,0.0,1.0,0.0,0.0,0.0780777260661125,0.6462517380714417,0.2756705582141876,Merci beaucoup
124,125,0.0,1.0,0.0,0.0,0.4050851762294769,0.4833748936653137,0.1115399003028869,Grow up
125,126,0.338,0.282,0.38,0.0772,0.0432837046682834,0.5438193678855896,0.4128969013690948,holiday goes crazy onb
127,128,0.0,1.0,0.0,0.0,0.1250482052564621,0.6616199612617493,0.2133318483829498,"You have nostalgia from 4 years ago,are you 11 years old"
130,131,0.0,1.0,0.0,0.0,0.232046976685524,0.7051020860671997,0.0628508701920509,Can ' t nobody tell me nothing- Lil Nax X
133,134,0.0,1.0,0.0,0.0,0.1340243071317672,0.764075756072998,0.1018999740481376,in ze eentje en zand werd steen
135,136,0.0,1.0,0.0,0.0,0.1412762999534607,0.7418946027755737,0.1168291047215461,Rasis sat
137,138,0.0,1.0,0.0,0.0,0.8828585743904114,0.1056464985013008,0.0114949727430939, Lovely Lime this video is already very gay
139,140,0.0,1.0,0.0,0.0,0.5637062788009644,0.3678704500198364,0.0684232488274574,Girl this video is already camp
141,142,0.0,0.0,1.0,0.2732,0.0492108352482318,0.5463374257087708,0.4044517874717712,Agreed
142,143,0.0,1.0,0.0,0.0,0.2378342896699905,0.5698290467262268,0.192336693406105,Slay
143,144,0.0,0.0,1.0,0.296,0.1772946864366531,0.5264874696731567,0.2962178289890289,Ok
144,145,0.0,1.0,0.0,0.0,0.235039472579956,0.5079554319381714,0.2570050954818725,Sim
146,147,0.0,1.0,0.0,0.0,0.0914093032479286,0.5528280138969421,0.3557627201080322,Fato!
149,150,0.0,1.0,0.0,0.0,0.1970629394054412,0.6537344455718994,0.1492025554180145,Lenny*
153,154,0.0,1.0,0.0,0.0,0.1646849066019058,0.7496961355209351,0.0856189802289009, Louva im Ukraine
154,155,0.132,0.539,0.329,0.5106,0.3348608911037445,0.5359086990356445,0.1292304396629333,"yes, why does no one speack aout that ? nice russian comment btw"
158,159,0.0,1.0,0.0,0.0,0.2109142839908599,0.5076835751533508,0.2814021110534668,Yup
161,162,0.0,1.0,0.0,0.0,0.3226650059223175,0.629334032535553,0.0480009466409683,Foot rust
162,163,0.0,1.0,0.0,0.0,0.1790928840637207,0.6794661283493042,0.1414409130811691,yk piano dude
163,164,0.0,1.0,0.0,0.0,0.0862930715084075,0.8148127198219299,0.0988941341638565,I got it from Pacil
164,165,0.0,1.0,0.0,0.0,0.0618133060634136,0.648705005645752,0.2894817292690277,Hi bro
167,168,0.0,1.0,0.0,0.0,0.2921622097492218,0.5809409022331238,0.126896858215332,why
173,174,1.0,0.0,0.0,-0.296,0.3040974736213684,0.4729692935943603,0.2229332327842712,no
175,176,0.0,0.351,0.649,0.4019,0.0116740968078374,0.523444652557373,0.4648813009262085, Chris Curry okay fine
177,178,0.0,0.836,0.164,0.6697,0.0014377400511875,0.0242933835834264,0.9742688536643982," Chris Curry In the Brazilian language, this song was translated in a way and for Brazilians, its lyrics are very beautiful if you want, I ' ll send them here in the comments"
178,179,0.195,0.805,0.0,-0.3455,0.5078004002571106,0.4607977569103241,0.0314017906785011,You ever REALLY pay attention to the lyrics of this song?
182,183,0.0,1.0,0.0,0.0,0.2155691683292389,0.6222493052482605,0.1621816009283065,hijj
183,184,0.0,0.508,0.492,0.4404,0.0047623394057154,0.0202295780181884,0.9750081300735474,Song is too good
184,185,0.0,1.0,0.0,0.0,0.188071608543396,0.63726806640625,0.174660325050354,Old town
185,186,0.0,0.664,0.336,0.7964,0.0940563306212425,0.557706892490387,0.3482367098331451,Doesn ' t take a lot of talent to just use the music created by actual talented artists such as Trent Reznor.
187,188,0.0,1.0,0.0,0.0,0.2045117020606994,0.5521486401557922,0.2433396279811859,hi
189,190,0.0,1.0,0.0,0.0,0.0229008458554744,0.7211907505989075,0.2559084296226501,Captain America and the Caribbean
191,192,0.0,1.0,0.0,0.0,0.3211042284965515,0.5129061341285706,0.1659896075725555,Same
192,193,0.0,1.0,0.0,0.0,0.0762365385890007,0.864188015460968,0.0595755353569984,Do you live in maine?
195,196,0.0,0.916,0.084,0.2732,0.9753261804580688,0.022379457950592,0.0022942735813558,"U should not listen to the songs of this guy ,cus some of his songs are really demonic and goes against God in all ways"
196,197,0.0,0.751,0.249,0.8989,0.0019515546737238,0.0357725284993648,0.9622759819030762,"John 3:16  ' For God so loved the world, that he gave his only begotten Son, that whosoever believeth in him should not perish, but have everlasting life. '  Christ is the only eat to the heaven.God bless you have a nice day"
198,199,0.0,1.0,0.0,0.0,0.1395352929830551,0.8353448510169983,0.0251199100166559,Was this comment left by ai
204,205,0.0,0.0,1.0,0.7717,0.0059167114086449,0.1262363791465759,0.8678469061851501,"Yes, Thanks god"
205,206,0.0,1.0,0.0,0.0,0.5051306486129761,0.4789922833442688,0.0158770680427551,Was it supposed to be homophobic ???
206,207,0.0,0.0,0.0,0.0,0.0944266617298126,0.537204921245575,0.3683684170246124,!
207,208,0.0,1.0,0.0,0.0,0.3346502184867859,0.5606069564819336,0.1047428324818611,late
208,209,0.0,1.0,0.0,0.0,0.2321939468383789,0.5750047564506531,0.1928013265132904,very
209,210,0.0,1.0,0.0,0.0,0.212685614824295,0.6410423517227173,0.1462720334529876,are
210,211,0.0,1.0,0.0,0.0,0.2305672466754913,0.5649176836013794,0.2045150995254516,you
212,213,0.0,1.0,0.0,0.0,0.0161232464015483,0.40731942653656,0.5765573382377625, Love Cupidhahahahah
213,214,0.0,1.0,0.0,0.0,0.0558536536991596,0.8253533244132996,0.1187930777668953, Coffee Imma live for 150 years and take ma horse to the old town road
214,215,0.673,0.327,0.0,-0.7324,0.6278203129768372,0.3441059589385986,0.028073763474822,"You ' ll be dead, so nah"
216,217,0.0,1.0,0.0,0.0,0.2046350538730621,0.5491512417793274,0.2462136596441269,Verdade
217,218,0.0,1.0,0.0,0.0,0.1360166221857071,0.7665457725524902,0.0974375680088996,pensei que ele tinha morrido
218,219,0.0,1.0,0.0,0.0,0.1807896047830581,0.6264657378196716,0.192744642496109,He gae
219,220,0.0,1.0,0.0,0.0,0.0811015143990516,0.8497365713119507,0.06916194409132, Buddy wdym?
220,221,0.524,0.476,0.0,-0.6597,0.8485015034675598,0.1434633135795593,0.0080351587384939,Before his gay devil stuff
221,222,1.0,0.0,0.0,-0.5106,0.8475103378295898,0.1292948871850967,0.0231948494911193,Liar.
225,226,0.0,1.0,0.0,0.0,0.031748428940773,0.7953322529792786,0.1729192733764648,Freddie Mercury was too
226,227,0.0,1.0,0.0,0.0,0.1866512149572372,0.6788856983184814,0.1344630271196365,And ?
227,228,0.0,1.0,0.0,0.0,0.0518500804901123,0.6328209042549133,0.3153290152549743,All time newest
228,229,0.0,1.0,0.0,0.0,0.4752916693687439,0.4822064936161041,0.0425017699599266,GOATED NOT ROASTED
229,230,0.0,1.0,0.0,0.0,0.2825869023799896,0.6045694947242737,0.1128435507416725,Confision
230,231,0.0,0.0,0.0,0.0,0.3066561222076416,0.5347887277603149,0.1585550755262375,Y E S
231,232,0.0,1.0,0.0,0.0,0.2308139055967331,0.6546396017074585,0.1145464852452278,Literally
232,233,0.0,1.0,0.0,0.0,0.1032838597893714,0.7971268892288208,0.0995892360806465, Curt145 Completamente
233,234,0.0,0.436,0.564,0.3802,0.0794216468930244,0.4312783181667328,0.4893001019954681,"Dude, for sure!"
235,236,0.0,0.704,0.296,0.743,0.0017607101472094,0.0230265092104673,0.975212812423706,"I agree with you. First heard it in 5th grade, going to high school next year. Its amazing."
236,237,0.0,1.0,0.0,0.0,0.2580673098564148,0.5672217011451721,0.1747109293937683,Word
237,238,0.0,1.0,0.0,0.0,0.0877026841044426,0.8059812188148499,0.1063160672783851,Ayoooo Heisenberg
241,242,0.0,1.0,0.0,0.0,0.2467956840991974,0.596361517906189,0.15684275329113,how
244,245,0.545,0.455,0.0,-0.5574,0.9350683093070984,0.0536794885993003,0.0112522430717945,bry this song shit
246,247,0.0,0.0,1.0,0.4588,0.0609188601374626,0.4626341760158539,0.4764468967914581,haha
247,248,0.0,1.0,0.0,0.0,0.1603688597679138,0.7797145247459412,0.0599166862666606,Same except when I was 8
248,249,0.0,0.838,0.162,0.4404,0.5337511897087097,0.402906209230423,0.0633425563573837," KENZO_ im just saying as far as song lyrics go, cant you make up something better"
249,250,0.0,1.0,0.0,0.0,0.4511918127536773,0.5168522000312805,0.0319559797644615,"Many songs now days are about sex, what makes this one being gay any different?"
250,251,0.0,0.775,0.225,0.4404,0.3792425990104675,0.5084609389305115,0.1122964769601821,Don ' t listen and don ' t interfere It ' s the quality of a good person.
253,254,0.0,1.0,0.0,0.0,0.2454600781202316,0.5957785248756409,0.1587614119052887,Seu emo
254,255,0.0,0.686,0.314,0.4939,0.4479248225688934,0.5101781487464905,0.0418970435857772,We Don ' t Care. Keep your religion for yourself
255,256,0.229,0.771,0.0,-0.7227,0.7926912307739258,0.199297234416008,0.0080115450546145,"8 But now ye also put off all these; anger, wrath, malice, blasphemy, filthy communication out of your mouth."
256,257,0.104,0.846,0.05,-0.7184,0.642223596572876,0.3356199860572815,0.0221564043313264,"HOLY BIBLE- 5 Mortify therefore your members which are upon the earth; fornication, uncleanness, inordinate affection, evil concupiscence, and covetousness, which is idolatry: 6 for which things '  sake the wrath of God cometh on the children of disobedience: 7 In the which ye also walked some time, when ye lived in them. 8 But now ye also put off all these; anger, wrath, malice, blasphemy, filthy communication out of your mouth."
257,258,0.061,0.816,0.122,0.2709,0.5212367177009583,0.4348137676715851,0.0439494475722312,"28 And even as they did not like to retain God in their knowledge, God gave them over to a reprobate mind, to do those things which are not convenient; --HOLY BIBLE"
258,259,0.14,0.654,0.206,0.1027,0.3975909054279327,0.5436715483665466,0.0587375275790691,"9 In like manner also, that women adorn themselves in modest apparel, with shamefacedness and sobriety; HOLY BIBLE"
262,263,0.127,0.67,0.203,0.6632,0.0294025968760252,0.484275072813034,0.4863224029541015,"HOLY BIBLE- 18 Wives, submit yourselves unto your own husbands, as it is fit in the Lord. 19 Husbands, love your wives, and be not bitter against them. 20 Children, obey your parents in all things: for this is well pleasing unto the Lord. 21 Fathers, provoke not your children to anger, lest they be discouraged."
268,269,0.0,0.0,1.0,0.3612,0.0447225235402584,0.687445878982544,0.2678315937519073,Thx
270,271,0.0,1.0,0.0,0.0,0.0996537283062934,0.7922989726066589,0.1080473214387893,I am India
271,272,0.0,1.0,0.0,0.0,0.0474296063184738,0.8142460584640503,0.1383243650197982,Hello sri Lanka i am india
272,273,0.0,1.0,0.0,0.0,0.5127484202384949,0.4622522890567779,0.0249993484467268,bro you are a country?
273,274,0.0,1.0,0.0,0.0,0.1786224395036697,0.7066788077354431,0.1146987825632095,Me tooo....
275,276,0.0,0.426,0.574,0.4019,0.0282122809439897,0.8059381246566772,0.1658495664596557, ? #andreySantosmelhordomundoumcaraentendedefutebol yes
277,278,0.0,1.0,0.0,0.0,0.1597955077886581,0.703613817691803,0.1365907043218612,me too
278,279,0.444,0.556,0.0,-0.34,0.2417033612728119,0.4426401555538177,0.315656453371048,me too its crazy
281,282,0.275,0.725,0.0,-0.2263,0.2332594692707061,0.7096306085586548,0.0571098886430263, Carmen BRUMARIU ALBOAIE u forget changing accounts
282,283,0.0,0.417,0.583,0.4215,0.007376947440207,0.094782218337059,0.8978408575057983,Bro nice comment
283,284,0.099,0.678,0.223,0.4268,0.4389393925666809,0.4507876336574554,0.1102730557322502, fighterpimp ngl i never seen a brilliant bot like this in 2019 if they actually did they must be join tech or something instead of creating musics
284,285,0.066,0.896,0.039,-0.25,0.861146867275238,0.1200138628482818,0.0188392102718353, Somebody Else No problem. They guy is so auto tuned. That isn ' t his real voice at all. So what you hearing is a robot singing to you.   When you don ' t take the effort to make something good and try to sell people Dog PoS instead. I will call you out on it 100% of the time. Put little effort into this song and made a lot of money from it. Just trash work.
285,286,0.0,0.762,0.238,0.3612,0.4528614282608032,0.4831277430057525,0.06401077657938,Mf out here talking like he got two grammys
286,287,0.574,0.426,0.0,-0.4019,0.564957320690155,0.4175789952278137,0.0174636803567409,What ' s your problem?
287,288,0.0,1.0,0.0,0.0,0.2092975527048111,0.6448099613189697,0.1458924859762191,Vdd mn
288,289,0.0,1.0,0.0,0.0,0.163750872015953,0.7190758585929871,0.1171732768416404,It ' s  ' Can ' t '  nobody not ain ' t
290,291,0.0,1.0,0.0,0.0,0.2401642650365829,0.5630495548248291,0.1967861950397491,Chkjy
291,292,0.285,0.715,0.0,-0.3384,0.4449317455291748,0.5309199690818787,0.0241482537239789,He. Really drop tiba. Rest of them
293,294,0.0,1.0,0.0,0.0,0.1668813973665237,0.5592039227485657,0.2739146947860718,Meeee
295,296,0.0,0.606,0.394,0.5994,0.2935683131217956,0.6556287407875061,0.0508029349148273,How did it change a whole gen ? Lmao
296,297,0.0,1.0,0.0,0.0,0.2152493447065353,0.5552524924278259,0.2294981926679611,Fosho
297,298,1.0,0.0,0.0,-0.1027,0.3028629124164581,0.5070797801017761,0.1900572478771209,nah
300,301,0.592,0.408,0.0,-0.4404,0.7108397483825684,0.2686599195003509,0.0205003079026937, Music 328 :(
301,302,0.0,1.0,0.0,0.0,0.3274424374103546,0.524188220500946,0.1483693271875381, Bey Hi yourself beyhole!
302,303,0.413,0.304,0.283,-0.3147,0.7320005297660828,0.2225694060325622,0.0454300343990325," Bey Kiss my ass, Bey!!"
304,305,0.189,0.811,0.0,-0.4215,0.0502375923097133,0.7034837603569031,0.2462786138057708,"Broke record of longest no1 song ever, 19 weeks on Bilboard Hot 100."
305,306,0.0,1.0,0.0,0.0,0.1883584409952163,0.6017188429832458,0.2099227160215377,zi
306,307,0.0,1.0,0.0,0.0,0.1701103001832962,0.7348519563674927,0.0950376987457275,chernomazo
307,308,0.0,1.0,0.0,0.0,0.0190548673272132,0.413239985704422,0.5677051544189453,This few seconds took to whole new world
308,309,0.0,1.0,0.0,0.0,0.1644065678119659,0.7793844938278198,0.0562089569866657, NegroSlayer6000 that ' s what I ' m saying
309,310,0.157,0.715,0.127,-0.1926,0.9596829414367676,0.0371796414256095,0.0031374001409858,Why do y ' all care about his sexual preference?? Just don ' t listen to him if you ain ' t with the gay shit
310,311,0.296,0.704,0.0,-0.5829,0.9675065875053406,0.0288156885653734,0.0036777588538825, NickBlacky man get yo fucking homophobic ass out of here
311,312,0.0,1.0,0.0,0.0,0.7786152362823486,0.2075283527374267,0.0138564892113208, Cloppit because he is gay
312,313,0.688,0.312,0.0,-0.765,0.9689579606056212,0.0278332401067018,0.0032088884618133,why the fuck you crying
314,315,0.0,0.0,1.0,0.2732,0.0697321891784668,0.5512663722038269,0.3790014386177063,agreed
316,317,0.592,0.408,0.0,-0.7003,0.9680965542793274,0.0283625293523073,0.0035408507101237,No one gives a total shit dude
317,318,0.0,1.0,0.0,0.0,0.1124340072274208,0.8530985116958618,0.0344674736261367,nas daily? Lil nas
319,320,0.266,0.734,0.0,-0.5719,0.7451680898666382,0.2433297783136367,0.0115021718665957, Shizukou ' s Apostle [1st Apostle of Twelve] prove something is ugly or hard to listen too
321,322,0.2,0.364,0.436,0.4404,0.7525647878646851,0.2278530299663543,0.019582126289606, yahiya ez gg thats like asking how is ugly unpleasing
322,323,0.0,1.0,0.0,0.0,0.1557477414608001,0.7170382738113403,0.1272139400243759,How though
323,324,0.221,0.564,0.214,-0.016,0.3382854163646698,0.6363596320152283,0.025354916229844,I am not sure about the straight part
328,329,0.0,0.849,0.151,0.4745,0.0663445219397544,0.5412936806678772,0.3923617899417877,Horses on the back horse tach is attached yeah  imma take my horse to the old town road im gonna ride till I cant no more
329,330,0.0,1.0,0.0,0.0,0.200489655137062,0.6664291620254517,0.133081167936325,His*
330,331,0.0,0.0,1.0,0.296,0.1669854670763015,0.5315834283828735,0.3014310896396637,Yeah
331,332,0.0,1.0,0.0,0.0,0.3467550873756408,0.6029862761497498,0.0502586625516414,too fast right ?
333,334,0.0,0.594,0.406,0.6249,0.0083592580631375,0.1695807576179504,0.8220600485801697,Only a masterpiece because of Nine Inch Nails.
335,336,0.0,0.783,0.217,0.3612,0.0082916850224137,0.3878384530544281,0.6038697957992554,You can thank Trent Reznor for the assist with that.
336,337,0.0,1.0,0.0,0.0,0.0739448368549346,0.719653308391571,0.206401839852333, Morphine yea he is
337,338,0.225,0.775,0.0,-0.4932,0.3378883600234985,0.639423131942749,0.0226884875446558," KingNoobyYT ye, but the question is: he is really gay or no?"
338,339,0.0,1.0,0.0,0.0,0.2002932429313659,0.7340767979621887,0.0656299591064453,This was 3 years ago bro
339,340,0.091,0.909,0.0,-0.1531,0.1678400486707687,0.7796291708946228,0.0525306910276412," nelom lakes no, he is telling his height, he is 4 ' 10 before but now he is 5 ' 11"
340,341,0.0,1.0,0.0,0.0,0.3085837960243225,0.5837295651435852,0.1076866090297699, ' When i was little '  bro this song is 4 years old you must be 10 years old
341,342,0.074,0.926,0.0,-0.1531,0.6950193643569946,0.2788810431957245,0.0260995645076036," STARMNS He gets paid by views, not comments. Also... I need to expose his a$$. Many people will read and open their eyes."
342,343,0.0,0.806,0.194,0.34,0.3300831019878387,0.5080747604370117,0.1618421524763107,You do realize you ' re giving him even more money by commenting
345,346,0.0,1.0,0.0,0.0,0.4769412577152252,0.4497018456459045,0.0733569115400314,Its old
346,347,0.0,1.0,0.0,0.0,0.1603786349296569,0.712736964225769,0.1268843859434127,Rocket?
347,348,0.412,0.588,0.0,-0.4215,0.8266309499740601,0.1623575538396835,0.0110114645212888,"Sadly, not in today ' s amerikkka"
349,350,0.0,0.286,0.714,0.3612,0.0854318812489509,0.7190992832183838,0.1954688280820846,Work ready
352,353,0.0,1.0,0.0,0.0,0.2284432202577591,0.7277268171310425,0.0438299253582954, Animegeek i never said u were my dad
353,354,0.248,0.752,0.0,-0.6459,0.966620683670044,0.0297878086566925,0.0035915235057473, iris luvs kuromii !! if u too fucking stupid to realize ur dad is gay
354,355,0.0,1.0,0.0,0.0,0.4515532851219177,0.4981322586536407,0.0503145158290863, iris luvs kuromii !!  I am not ur dad
357,358,0.0,1.0,0.0,0.0,0.1909759789705276,0.5589799284934998,0.2500441074371338,2030
358,359,0.0,1.0,0.0,0.0,0.0809640884399414,0.7979876399040222,0.1210483089089393,2025?
360,361,0.0,1.0,0.0,0.0,0.1678566634654998,0.6594887971878052,0.1726544946432113,1/8
363,364,0.0,0.583,0.417,0.5106,0.0640313625335693,0.6662247776985168,0.2697438895702362,Yeah well you can still listen to it
364,365,0.0,1.0,0.0,0.0,0.11115113645792,0.7488593459129333,0.1399895250797271,"Sim, eu amava ela"
367,368,0.0,0.345,0.655,0.6908,0.0026181258726865,0.0796180143952369,0.917763888835907,Thanks whoever liked my comment
368,369,0.291,0.709,0.0,-0.5719,0.8650295734405518,0.127521738409996,0.007448679767549,Why do people keep stealing this comment and reposting it?
369,370,0.0,1.0,0.0,0.0,0.3489156663417816,0.6069806814193726,0.0441036708652973,3 years ago and we still watch
370,371,0.268,0.732,0.0,-0.296,0.5738393664360046,0.4100042283535003,0.0161563456058502,No one knew that he was gay
372,373,0.0,0.0,1.0,0.4404,0.0239680521190166,0.4408974647521972,0.535134494304657,Thanks
374,375,0.0,1.0,0.0,0.0,0.2235574722290039,0.5241397619247437,0.2523027658462524,Acha
375,376,0.286,0.714,0.0,-0.5574,0.1617598831653595,0.7862144112586975,0.0520257987082004,Bs hook acha hota hai  Jo famous ban jata hai
377,378,0.0,1.0,0.0,0.0,0.1716612577438354,0.6714083552360535,0.1569303572177887, pahad sa lulluok
379,380,0.0,0.714,0.286,0.8126,0.0109926937147974,0.5345869660377502,0.4544203281402588,"16 All scripture is given by inspiration of God, and is profitable for doctrine, for reproof, for correction, for instruction in righteousness: HOLY BIBLE"
385,386,0.287,0.713,0.0,-0.7543,0.9199273586273192,0.0749397650361061,0.0051327995024621,"The only problem is he ' s black, but just put people to listen and don ' t say he ' s a disgusting black"
386,387,0.0,0.635,0.365,0.3182,0.0958724990487098,0.8415565490722656,0.0625709071755409, Mixu the average jojo fan:
388,390,0.0,1.0,0.0,0.0,0.208899587392807,0.6051227450370789,0.1859776377677917,Bruh
390,392,0.585,0.0,0.415,-0.2732,0.7078195214271545,0.2625207901000976,0.0296597145497798,Yes wtf
391,393,0.0,0.715,0.285,0.8016,0.0012369473697617,0.0117634898051619,0.9869995713233948,Omg more people who were in 5th at the time! This was such a great time in daycare summer camp lol-
392,394,0.0,1.0,0.0,0.0,0.2224084734916687,0.5777429342269897,0.1998486071825027,Ong
393,395,0.135,0.738,0.127,-0.0516,0.4845837652683258,0.4106418490409851,0.1047743931412696,Bro  I think I was in 5th grade too. I remember putting on a whole show with my dumb friends for the younger kids.
395,397,0.0,1.0,0.0,0.0,0.0775761380791664,0.8333335518836975,0.0890903323888778,"Not really, given its actually a Nine Inch Nails song originally."
397,399,0.0,0.769,0.231,0.5574,0.016899487003684,0.8818997144699097,0.1012007817625999,Replay - Iyaz Can ' t hold us - Macklemore  &  Ryan Lewis Gym hero - Adam Levine Ect  &  ect..
399,401,0.0,0.753,0.247,0.3182,0.0893988981842994,0.8327136039733887,0.0778875723481178, Frankie Zawada sure buddy keep telling yourself that
400,402,0.429,0.571,0.0,-0.5423,0.863574743270874,0.1304084658622741,0.0060167703777551,Nah you actually the reason it got ruined
402,404,0.0,1.0,0.0,0.0,0.1799396127462387,0.5454608798027039,0.2745994925498962,Real
403,405,0.0,0.577,0.423,0.6588,0.0016161469975486,0.0058657685294747,0.9925180673599244,Lol...Love it. It ' s such an awesome song!
404,406,0.355,0.161,0.484,0.2023,0.6935464143753052,0.2883172035217285,0.0181364323943853,No one cares
405,407,0.0,1.0,0.0,0.0,0.1014392748475074,0.8242477178573608,0.0743130072951316,They all are..u have to be when u sign the contract
406,408,0.22,0.78,0.0,-0.5859,0.7071442604064941,0.2677265703678131,0.0251290816813707,i was in saint denis and i accidentally shot the door and i got on my horse and i accidentally hit the cop
407,409,0.0,0.0,1.0,0.4215,0.1077734753489494,0.5321319699287415,0.3600945472717285,lol
408,410,0.0,0.69,0.31,0.2023,0.0687649175524711,0.31483855843544,0.6163965463638306,This music is just top
410,412,0.13,0.623,0.247,0.6037,0.7620902061462402,0.2211351543664932,0.016774695366621, AllahIsGod are you talking about the music video? LMAO its just visuals that doesn ' t mean he loves the devil tf are you talking about
411,413,0.0,0.638,0.362,0.738,0.6424931287765503,0.3388919830322265,0.0186149552464485, Fuzion the dudes in love with devil. You cannot deny that is a moral downfall.
412,414,0.383,0.617,0.0,-0.607,0.6157488822937012,0.3623422086238861,0.0219088923186063, AllahIsGod not personally liking someone is a personal problem not a downfall
413,415,0.0,0.559,0.441,0.6734,0.7673863172531128,0.2178166210651397,0.0147971324622631, AllahIsGodnot really just sounds like you don ' t like him
415,417,0.0,0.312,0.688,0.296,0.0955426171422004,0.6048851013183594,0.2995722889900207,Yeah bro
418,420,0.0,1.0,0.0,0.0,0.1649298965930938,0.7458148002624512,0.0892553254961967,Opa mn estamos juntos
419,421,0.0,1.0,0.0,0.0,0.1818220615386963,0.7534930109977722,0.0646849870681762, xlordproPL what
420,422,0.0,0.759,0.241,0.2263,0.0078435940667986,0.2261267006397247,0.7660297751426697,You should see cow boy suit ;)
421,423,0.0,1.0,0.0,0.0,0.1922194361686706,0.574413001537323,0.2333675175905227,Yeahh
422,424,0.0,0.667,0.333,0.3612,0.0356035754084587,0.6765965223312378,0.2877998948097229,baby shark has like 9 billion views
423,425,0.0,0.667,0.333,0.6705,0.4608510136604309,0.491426020860672,0.0477230362594127,I ' m pretty sure he was always gay he just didn ' t talk about it
425,427,0.0,0.488,0.512,0.6369,0.145217552781105,0.7956849932670593,0.0590973943471908, luvqteddy freedom of speech bru
426,428,0.0,1.0,0.0,0.0,0.1965873390436172,0.754338800907135,0.0490738973021507, Fuzion keep ur opinion to urself bru
427,429,0.0,1.0,0.0,0.0,0.8000190258026123,0.1842876821756363,0.0156933274120092,gods not real
428,430,0.0,1.0,0.0,0.0,0.3510247468948364,0.5060931444168091,0.142882153391838,what
429,431,0.0,1.0,0.0,0.0,0.2019918859004974,0.5719881057739258,0.2260200083255767,I wanna be a cowboahh babeyyy
437,439,0.0,0.884,0.116,0.2732,0.0910201072692871,0.760769784450531,0.1482100933790207,"4 One that ruleth well his own house, having his children in subjection with all gravity; HOLY BIBLE"
446,448,0.0,1.0,0.0,0.0,0.5128709077835083,0.4634943008422851,0.0236347671598196, Ron Israel what ' s up
447,449,0.0,1.0,0.0,0.0,0.008766290731728,0.6915855407714844,0.2996481955051422,Hey it ' s the guy from roblox
449,451,0.126,0.632,0.242,0.2732,0.7080962061882019,0.2722272872924804,0.0196765139698982,oh please stfu leave your comments to yourself
450,452,0.0,1.0,0.0,0.0,0.2620152533054352,0.5380805730819702,0.1999041438102722,bro fr
453,455,0.0,1.0,0.0,0.0,0.2103681713342666,0.7445816993713379,0.0450501814484596,Representa oque ? ;-;
454,456,0.0,1.0,0.0,0.0,0.1530065238475799,0.793013870716095,0.05397954210639,"I think he was always riding both bro, he just didn ' t mention the latter for a while"
455,457,0.0,1.0,0.0,0.0,0.3640893399715423,0.56528639793396,0.0706242844462394,What?
459,461,0.574,0.426,0.0,-0.4019,0.873543381690979,0.1117443069815635,0.0147123243659734,Damn not me
461,463,1.0,0.0,0.0,-0.7184,0.3832912445068359,0.4673328101634979,0.1493759751319885,hell nah
462,464,0.0,0.0,1.0,0.4019,0.1385758370161056,0.4412769675254822,0.420147180557251,yes
463,465,0.0,0.517,0.483,0.4215,0.0469867698848247,0.73441481590271,0.2185984253883361,13 hours ago lol
464,466,0.0,1.0,0.0,0.0,0.3564016222953796,0.4958236217498779,0.1477747112512588,nope
470,472,0.0,1.0,0.0,0.0,0.1457938253879547,0.7129983305931091,0.1412078142166137,Zestarzeje
473,475,0.0,1.0,0.0,0.0,0.154362216591835,0.6999776363372803,0.1456601470708847,I wonder
474,476,1.0,0.0,0.0,-0.5859,0.8653087615966797,0.112283356487751,0.0224078614264726,Bullshit
475,477,0.0,0.734,0.266,0.4404,0.0016349328216165,0.0325767546892166,0.9657882452011108,Every song made during and before 2020 is good
480,482,0.0,1.0,0.0,0.0,0.2912856340408325,0.6847204566001892,0.0239938981831073,Salve? May be u meant slave
481,483,0.0,1.0,0.0,0.0,0.0783958360552787,0.6602570414543152,0.2613471150398254,Saludos
482,484,0.0,1.0,0.0,0.0,0.2332812696695327,0.735007107257843,0.0317116938531398,Did the earrings not give it away?
486,488,0.455,0.26,0.286,-0.3182,0.9527883529663086,0.0422731935977935,0.0049384185113012,yeah such a bad promo
487,489,0.198,0.802,0.0,-0.5719,0.5425127744674683,0.3932249546051025,0.0642623081803321,You hate him cause hes one of the few famous people speaking out for the minorities
488,490,0.0,1.0,0.0,0.0,0.1277744770050048,0.743505597114563,0.1287199109792709, rayy tu vieja
492,495,0.0,0.656,0.344,0.6369,0.0063222348690032,0.1146993637084961,0.878978431224823,Its made 2017 it was the best song then
494,497,0.0,1.0,0.0,0.0,0.0541548281908035,0.4854116141796112,0.4604334831237793,Idc if people think its old now. Its still a bop
497,500,0.0,1.0,0.0,0.0,0.0322847925126552,0.7877277135848999,0.1799874007701873,Si pero bueno que se le va a hacer
498,501,0.078,0.922,0.0,-0.1557,0.4272988140583038,0.5257105827331543,0.0469905696809291,"He was gay since he has 16, he confirmed it on his twitter but he was less weird than now"
499,502,0.356,0.208,0.436,0.1943,0.0183931738138198,0.0521975234150886,0.9294093251228333, I love pizza DAMN
501,504,1.0,0.0,0.0,-0.4404,0.8358189463615417,0.1431850492954254,0.0209959670901298,:(
504,507,0.0,1.0,0.0,0.0,0.1673221886157989,0.7567566633224487,0.0759211704134941,Mesmo dia que eu sksksksk
507,510,0.0,1.0,0.0,0.0,0.1727265566587448,0.7272602319717407,0.100013218820095,exept me
508,511,0.355,0.645,0.0,-0.296,0.4745592474937439,0.5041490197181702,0.0212917290627956,No one has commented yet...
509,512,0.0,1.0,0.0,0.0,0.1693168133497238,0.7396593689918518,0.0910237878561019,cosa ci fai te ora?italiano
510,513,0.0,0.706,0.294,0.3612,0.1610479354858398,0.7872295379638672,0.0517225451767444,Like how your mother is with you
511,514,0.0,0.27,0.73,0.4019,0.0414751470088958,0.3569898307323456,0.6015350222587585,YES MG
514,517,0.0,0.734,0.266,0.4404,0.0076692840084433,0.0841532200574874,0.9081775546073914, wixneisk2o hes still the same? makes even better music
515,518,0.459,0.541,0.0,-0.1779,0.8202075362205505,0.1651365309953689,0.0146558573469519, wixneisk2o sooooo weird
516,519,0.114,0.671,0.215,0.3612,0.7278528809547424,0.2529276311397552,0.0192194990813732, 1 K withoud any videos facts bro new nas is pretty weird ngl
518,521,0.0,1.0,0.0,0.0,0.2055404484272003,0.4690259099006653,0.3254336416721344,Yess
520,523,0.444,0.556,0.0,-0.1531,0.5327935218811035,0.3898080885410309,0.0773983970284462,ong i miss it
523,526,0.0,0.0,1.0,0.4215,0.0926247164607048,0.5022140741348267,0.4051611721515655,true
525,528,0.0,1.0,0.0,0.0,0.2377596646547317,0.6908097267150879,0.0714306309819221,???
526,529,0.0,1.0,0.0,0.0,0.1522456556558609,0.7016749382019043,0.1460794508457183,Antelope
527,530,0.0,1.0,0.0,0.0,0.1535557508468628,0.7561437487602234,0.0903005599975586,Rodeo Panini and the Christmas one don ' t
530,533,0.0,0.256,0.744,0.4404,0.0028755576349794,0.0136729283258318,0.98345148563385,sooooooo good
531,534,0.0,1.0,0.0,0.0,0.0386268571019172,0.4941241443157196,0.4672490656375885,heheh
532,535,0.0,1.0,0.0,0.0,0.1088738143444061,0.399457037448883,0.4916691184043884,WOOOOHOOOOOOOOOOO
533,536,0.0,1.0,0.0,0.0,0.2377400547266006,0.685422420501709,0.0768375471234321,????????????
534,537,0.0,0.385,0.615,0.5859,0.0438180081546306,0.5583035349845886,0.3978784680366516,"Well the answer is, yes."
535,538,0.0,0.0,1.0,0.296,0.2354227751493454,0.5212164521217346,0.2433607429265976,yeah
537,540,0.0,1.0,0.0,0.0,0.2699635624885559,0.5393760800361633,0.1906603276729583,Oi
540,543,0.0,1.0,0.0,0.0,0.2422818839550018,0.5093310475349426,0.2483870834112167,Yea
542,545,0.0,0.263,0.737,0.4215,0.0293720066547393,0.6324820518493652,0.338145911693573,Thats true
543,546,0.0,1.0,0.0,0.0,0.2360356301069259,0.6423662304878235,0.1215981170535087,Oui Oui
545,548,0.079,0.921,0.0,-0.0516,0.0155583322048187,0.7946581840515137,0.189783439040184,"I would say, Leave the door open by bruno mars and anderson is also an exception."
550,553,0.0,1.0,0.0,0.0,0.2755590081214905,0.5432924628257751,0.1811485439538955,4-
551,554,0.0,1.0,0.0,0.0,0.3246234655380249,0.6096571683883667,0.0657193586230278,i thought i came out in 2019
552,555,0.109,0.8,0.091,-0.128,0.9665214419364928,0.029871255159378,0.0036072772927582,Mac Dre and bone thugs been done this and they songs slapped way harder. There just so many corny idiots that like this crap
553,556,0.0,1.0,0.0,0.0,0.1854568123817443,0.4857578575611114,0.3287852704524994,Omg
554,557,0.0,1.0,0.0,0.0,0.0872056484222412,0.7921853065490723,0.1206090077757835,Look at the veiws
555,558,0.0,1.0,0.0,0.0,0.4085863828659057,0.4559804201126098,0.1354332119226455,SAME
556,559,0.0,1.0,0.0,0.0,0.2117507308721542,0.5709067583084106,0.2173424959182739,Dime
557,560,0.0,1.0,0.0,0.0,0.2936545312404632,0.5173176527023315,0.189027801156044,Bro
558,561,0.0,1.0,0.0,0.0,0.6688356399536133,0.3158744573593139,0.0152899613603949," JonJon1 I guess, you are black american, that ' s why you are getting triggered."
562,565,0.0,1.0,0.0,0.0,0.0919302999973297,0.7421365976333618,0.1659331321716308, storm hi
564,567,0.0,1.0,0.0,0.0,0.0792470797896385,0.7310291528701782,0.1897238343954086, Henry Morris hi
565,568,0.0,0.759,0.241,0.7873,0.7765986919403076,0.1849319636821746,0.0384693257510662,"oh my freakin god, people say this sh- under every old song video. Yes, future generaion will not let die to any of the 483570486743068  song from 2000."
566,569,0.0,1.0,0.0,0.0,0.1288417875766754,0.7356297373771667,0.1355284452438354, saba sabi hi
567,570,0.0,0.0,0.0,0.0,0.2421304136514663,0.5436816811561584,0.2141879498958587,W
570,573,0.0,1.0,0.0,0.0,0.2045616060495376,0.7443877458572388,0.0510506555438041, George washingmachine what
574,577,0.344,0.656,0.0,-0.2732,0.1433750241994857,0.819858193397522,0.0367667116224765,Last full year before Hoax.
577,580,0.0,0.649,0.351,0.7579,0.0016847167862579,0.0391039736568927,0.95921128988266,"Keep on singing, it ' s good for the soul to keep the positive vibes going."
578,581,0.0,1.0,0.0,0.0,0.5408023595809937,0.3819912672042846,0.077206365764141,Old head
579,582,0.0,0.263,0.737,0.4215,0.1099458038806915,0.6805851459503174,0.2094690203666687,true lamo
581,584,0.0,0.192,0.808,0.6369,0.0036599019076675,0.0136078633368015,0.9827321767807008,I LOVE SONG
583,586,0.0,1.0,0.0,0.0,0.2115761637687683,0.5912719964981079,0.1971518099308014,*time
584,587,0.0,0.741,0.259,0.1027,0.0671716406941413,0.7159698605537415,0.2168584018945694, Cole time bro I was kidding
585,588,0.0,0.682,0.318,0.1027,0.0780520811676979,0.7979195713996887,0.1240284293889999, NegroSlayer6000 bro I was kidding
586,589,0.0,1.0,0.0,0.0,0.2199117690324783,0.6516970992088318,0.1283911317586898,This one isn ' t gay
587,590,0.0,1.0,0.0,0.0,0.1928622871637344,0.5787760615348816,0.2283616364002227,So
590,593,0.0,0.263,0.737,0.4215,0.0271742697805166,0.2437073588371276,0.7291184067726135,Nice english
591,594,0.0,0.769,0.231,0.2023,0.0626107230782508,0.8347189426422119,0.1026703342795372, O que comprei hoje deve ser top
593,596,0.0,1.0,0.0,0.0,0.1711550205945968,0.7862594127655029,0.0425855591893196, O que comprei hoje kkkkkk
594,597,0.0,1.0,0.0,0.0,0.1615903079509735,0.7501174807548523,0.0882922410964965,IMAGINA FUMAR UM E OUVINDO ISSO
596,599,0.0,1.0,0.0,0.0,0.3485037982463836,0.5307364463806152,0.1207597255706787,What
597,600,0.0,1.0,0.0,0.0,0.1649674326181411,0.6918699145317078,0.1431626826524734,Helloy im is Rus
598,601,0.0,1.0,0.0,0.0,0.228460744023323,0.5522251725196838,0.2193140834569931,Ya bro
599,602,0.0,1.0,0.0,0.0,0.2728916704654693,0.4935212731361389,0.2335869520902633,Nl
601,604,0.188,0.426,0.386,0.516,0.442941814661026,0.4959467053413391,0.0611114539206028, NegroSlayer6000 i guess i just missed that memo XD
603,606,0.0,1.0,0.0,0.0,0.0517609417438507,0.8684374094009399,0.0798016041517257,Chris Jericho
606,609,0.0,0.417,0.583,0.4215,0.5270879864692688,0.378558874130249,0.0943531766533851,"Nice bait, troll"
609,612,0.0,1.0,0.0,0.0,0.200022742152214,0.7372546792030334,0.062722697854042,He Gay tho
612,615,0.0,1.0,0.0,0.0,0.0360959842801094,0.9238351583480836,0.0400688610970974,It ' s Chris Jericho
613,616,0.73,0.27,0.0,-0.4019,0.7005738019943237,0.2518776357173919,0.0475485138595104,dam damn
615,618,0.195,0.805,0.0,-0.1779,0.4645439684391022,0.5088675618171692,0.0265884473919868,Did you just seriously comment the entire song?
618,621,0.0,1.0,0.0,0.0,0.1944472640752792,0.5764577388763428,0.2290950268507003,123
620,623,0.0,1.0,0.0,0.0,0.2485504001379013,0.6448432207107544,0.1066063344478607,Que?
621,624,0.0,1.0,0.0,0.0,0.5763458609580994,0.3563174307346344,0.0673367530107498,Gay
624,627,0.0,0.476,0.524,0.296,0.0128863118588924,0.3964955508708954,0.5906181335449219, L0LZZYT69 hahahah yeah
625,628,0.403,0.597,0.0,-0.4019,0.387545496225357,0.5475913882255554,0.0648631080985069,FOLLOW THE DAMN TRAIN CJ
626,629,0.0,0.714,0.286,0.4215,0.0968523994088172,0.5654229521751404,0.3377246856689453,"same, now we are all grown up lol"
627,630,0.0,0.605,0.395,0.2411,0.6988894939422607,0.2634343802928924,0.0376760400831699,Me neither. I ' m shocked
628,631,0.0,1.0,0.0,0.0,0.1857500821352005,0.7154988646507263,0.0987510159611702,He copied me
631,634,0.0,1.0,0.0,0.0,0.5896022319793701,0.3612507283687591,0.0491470396518707,I can ' t copy
632,635,0.0,1.0,0.0,0.0,0.1127408295869827,0.750124990940094,0.137134164571762,Me too
637,640,0.0,1.0,0.0,0.0,0.1619274169206619,0.6890236735343933,0.1490489393472671,Ja faz 4 anos
638,641,0.0,1.0,0.0,0.0,0.2330310493707656,0.542646586894989,0.2243223637342453,Obv.
641,644,0.0,1.0,0.0,0.0,0.0563459768891334,0.4903104603290558,0.4533435702323913,I!
644,647,0.0,1.0,0.0,0.0,0.1079290434718132,0.7845485210418701,0.1075223907828331,Simmm nao canso de ouvir
645,648,0.216,0.784,0.0,-0.8481,0.2412260025739669,0.7089864015579224,0.0497875623404979, Juveidis Rebolledo definitivamente ahora ya no  pero no me puedes negar de que sus videos de gente sin ropa tienen que ser censurados porque otros videos que son asi si y estos no porquee? esto es sano comparado con lo nuevo de el
646,649,0.239,0.761,0.0,-0.296,0.1586890369653701,0.7880079746246338,0.053302988409996,Este artista no esta hecho para tus gustos
648,651,0.0,1.0,0.0,0.0,0.2340162843465805,0.7006040215492249,0.0653797462582588,How did you do that
657,660,0.0,0.588,0.412,0.4215,0.051141407340765,0.8215922713279724,0.1272664070129394,lol English song Spanish lyrics
658,661,0.0,0.645,0.355,0.296,0.152165025472641,0.772407591342926,0.0754273757338523,Yeah bro I found the same.
659,662,0.0,0.588,0.412,0.6369,0.0069606369361281,0.3860746026039123,0.6069648265838623,"Hello Gayla, did you love this song?"
661,664,0.0,1.0,0.0,0.0,0.1882692575454712,0.7595205903053284,0.0522101707756519,Me and probably a lot if people
663,666,0.161,0.657,0.182,0.0772,0.3312713205814361,0.6160376667976379,0.0526910386979579,There is no 13 50 in this its like 2 3 minutes long
664,667,0.0,0.543,0.457,0.6369,0.0096291620284318,0.4066779017448425,0.5836929678916931,"Hello Katrina,did you love this song?"
665,668,0.0,0.172,0.828,0.5859,0.7283051609992981,0.2340296953916549,0.0376651845872402,"You ' re  a joke, dear"
667,670,0.282,0.718,0.0,-0.4449,0.7526031732559204,0.2383970618247985,0.0089998543262481,Randy officials you are not helping play boy sings about his vape
670,673,0.0,1.0,0.0,0.0,0.0980942845344543,0.8636406660079956,0.0382650941610336,Some guys have here comment 2weeks ago
672,675,0.0,1.0,0.0,0.0,0.354188323020935,0.5122825503349304,0.1335291713476181,U late
673,676,0.0,0.737,0.263,0.8482,0.0078891664743423,0.1268212646245956,0.8652895092964172,*The ETERNAL GOD would do so much for you!
676,678,0.565,0.435,0.0,-0.0772,0.4492888748645782,0.4829872846603393,0.0677238926291465,Sorry name
677,679,0.0,0.0,0.0,0.0,0.2045730054378509,0.6894510984420776,0.1059759110212326,?
678,680,0.0,1.0,0.0,0.0,0.2207250297069549,0.7462911009788513,0.0329838767647743, NatEU because?
679,681,0.484,0.312,0.203,-0.4215,0.5905404090881348,0.3396596014499664,0.0698000267148017, Orion bruhhh i want cry
680,682,0.0,1.0,0.0,0.0,0.7286827564239502,0.2558069229125976,0.0155102852731943,"He was always gay, bro"
681,683,0.0,1.0,0.0,0.0,0.20700204372406,0.6563770771026611,0.1366209387779235,Replies
682,684,0.0,1.0,0.0,0.0,0.265559434890747,0.6211704015731812,0.1132702305912971,REPLIES
684,686,0.452,0.548,0.0,-0.5106,0.929835319519043,0.06459391862154,0.0055707334540784,Make a therapy you are sick
685,687,0.327,0.673,0.0,-0.656,0.9713883996009828,0.0260763764381408,0.0025353108067065,You are also so disgusting and us dont judges you
686,688,0.0,0.621,0.379,0.7717,0.062227226793766,0.2715712487697601,0.6662015318870544,You do comments like you did be the best person on the world
688,690,0.0,1.0,0.0,0.0,0.1984305828809738,0.6590760350227356,0.1424933224916458,So?
689,691,0.0,1.0,0.0,0.0,0.9110317230224608,0.0806946530938148,0.0082736080512404, lino for this he ' s sad...him wh0tlesss nothing
690,692,0.0,1.0,0.0,0.0,0.7165507078170776,0.2683917284011841,0.0150575740262866,u homophobic?
693,695,0.0,0.615,0.385,0.5248,0.3155386745929718,0.5818890333175659,0.102572277188301,You like to  ' ride till you cant no more ' ?
694,696,0.0,0.647,0.353,0.5994,0.0034327856265008,0.0537728108465671,0.942794382572174,"Nice pfp, well done covering the face of the prophet isa"
696,698,0.0,0.882,0.118,0.785,0.0080520194023847,0.3205213546752929,0.6714266538619995,"i remember listening to this in a little cute rental cabin in a neighborhood of rental cabins with a tennis court in the middle, it was on a trip to the island of Maui and me and my family listened to this. we also listened to the git up and tried to do the dance, it was when i was like, 10. i wish i could go back to 2017-2019."
697,699,0.0,1.0,0.0,0.0,0.2649318873882293,0.5884158611297607,0.1466522216796875,Saudades
699,701,0.0,1.0,0.0,0.0,0.2217661589384079,0.542475163936615,0.2357586771249771,Arthur
700,702,0.0,0.824,0.176,0.4588,0.2358845919370651,0.6362272500991821,0.1278881728649139, Things That you didn ' t know ur welcome and im not gay in case ur Wondering
701,703,0.0,0.545,0.455,0.3612,0.0055787423625588,0.203071042895317,0.7913501858711243, Steve iso thank you
702,704,0.14,0.698,0.163,0.1531,0.039505336433649,0.5296111106872559,0.4308835566043854, Things That you didn ' t know nah just a simple question and no matter what is the answer it ' s ur opinion and i respect it
703,705,0.29,0.71,0.0,-0.5994,0.7928394079208374,0.1906160563230514,0.0165445934981107, Steve iso I have no problem with gay people I just can ' t believe he ' s gay men
704,706,0.349,0.549,0.102,-0.6298,0.4290066063404083,0.5455510020256042,0.0254423432052135, Steve iso you want to go war with me???
705,707,0.0,1.0,0.0,0.0,0.3111821711063385,0.5601397156715393,0.128678023815155,Huh
707,709,0.0,0.0,0.0,0.0,0.3198630511760711,0.4780434072017669,0.2020935416221618,L
711,713,0.0,0.0,1.0,0.4215,0.0660381913185119,0.3544528186321258,0.5795089602470398,Nice
712,714,0.0,0.233,0.767,0.5106,0.1018680706620216,0.7335063815116882,0.1646255105733871,Free lyrics
713,715,0.0,1.0,0.0,0.0,0.1834343820810318,0.5999252796173096,0.2166403532028198,1 MR
714,716,0.0,1.0,0.0,0.0,0.2103880047798156,0.5448305010795593,0.2447815537452697,Cu
718,720,0.0,0.761,0.239,0.296,0.039896372705698,0.8864284753799438,0.0736751407384872,"yep, the father of miley cirus, hannah montannah"
719,721,0.34,0.553,0.106,-0.7574,0.980357825756073,0.0168620999902486,0.0027801047544926,What about this fucking stupid song you like you had to be ah mother fucker gay
721,723,0.0,1.0,0.0,0.0,0.1309463232755661,0.7383188009262085,0.1307348310947418,The fish tank
722,724,0.0,1.0,0.0,0.0,0.123404324054718,0.6707055568695068,0.2058901339769363,Totally
725,727,0.0,0.748,0.252,0.4019,0.1480151116847992,0.5130317807197571,0.3389531970024109,I wish I was the 1 billionth viewer to ever watched this
728,730,0.0,0.306,0.694,0.6739,0.1210688278079032,0.7336574196815491,0.1452737152576446,Yhea o si XD
730,732,0.0,0.543,0.457,0.6369,0.0078904218971729,0.3817747235298157,0.6103348135948181,"Hello Shasta,did you love this song?"
731,733,0.0,0.0,1.0,0.4215,0.0950357615947723,0.5497697591781616,0.3551944494247436,True
734,736,0.0,0.263,0.737,0.4215,0.0527461767196655,0.649031400680542,0.2982224524021148, Krystl  lol
735,737,0.0,1.0,0.0,0.0,0.0502576678991317,0.8747438192367554,0.0749985128641128," Krystl  it was at 999,999,972"
736,738,0.0,1.0,0.0,0.0,0.2562635838985443,0.6981111168861389,0.0456252843141555, Krystl  im not the song spiked
737,739,0.0,1.0,0.0,0.0,0.4502920806407928,0.4946862161159515,0.0550216548144817,Your 83 million views late
738,740,0.75,0.25,0.0,-0.4588,0.8613987565040588,0.1285088062286377,0.0100924652069807, fsiuaohfcsiuahdjso rude
739,741,0.0,1.0,0.0,0.0,0.2420194745063781,0.7146032452583313,0.0433773398399353, Roshita langpoklakpam cringe
740,742,0.187,0.761,0.051,-0.765,0.9757055640220642,0.021567327901721,0.0027270978316664, fsiuaohfcsiuahdjso u just weren ' t at that time than songs are always the same like just because they aren ' t trending doesn ' t make them garbage and the songs that are trending now are annoying as fuck it ' s mostly phonk which i am tired of hearing
741,743,0.355,0.645,0.0,-0.5267,0.377061516046524,0.5680661797523499,0.0548722892999649, Roshita langpoklakpam no it doesn ' t and no i  don ' t have tiktok
742,744,0.0,0.508,0.492,0.4404,0.004294529557228,0.1600426286458969,0.8356627821922302, Roshita langpoklakpam good one
744,746,0.595,0.405,0.0,-0.5267,0.4203850328922272,0.5154181718826294,0.0641968324780464,"no, no it does not"
746,748,0.595,0.405,0.0,-0.5267,0.3678311705589294,0.5587395429611206,0.0734292864799499,"no, no it is not"
750,752,0.0,1.0,0.0,0.0,0.122760035097599,0.8364286422729492,0.0408113412559032,"We 11a Pp,,,,, c"
751,753,0.0,1.0,0.0,0.0,0.189046174287796,0.6824741959571838,0.1284796148538589,Kkkk8 kikllp
752,754,0.0,1.0,0.0,0.0,0.1162870228290557,0.7107771635055542,0.1729357838630676,a minha tbm amooooo
753,755,0.608,0.392,0.0,-0.4767,0.7614688277244568,0.2143824398517608,0.0241487100720405,frr it sad
754,756,0.0,1.0,0.0,0.0,0.2175250202417373,0.635291576385498,0.1471833884716034,Business.
755,757,0.0,0.898,0.102,0.3612,0.1601288169622421,0.7885081171989441,0.051363006234169,bro are u fr rn wdym hipviews have u seen what this guys done look at his other videos like montero you ' ll understand what I mean
756,758,0.0,1.0,0.0,0.0,0.1068024039268493,0.8541946411132812,0.0390029735863208,No. His name is DJ Diplo.
758,760,0.0,1.0,0.0,0.0,0.0929091349244117,0.7917275428771973,0.1153633892536163, Tomolo the last one
759,761,0.0,0.572,0.428,0.9432,0.0055446797050535,0.1654114127159118,0.8290439248085022, **True love = the love of God!**  God himself went to the cross for you out of love for you as a human being Philippians 2:5-8
760,762,0.744,0.256,0.0,-0.4404,0.945227861404419,0.0497258193790912,0.0050464142113924,u unloved horse
761,763,0.0,0.707,0.293,0.4404,0.0084139145910739,0.0899467915296554,0.9016393423080444,He is and looks better there than now
762,764,0.0,0.22,0.78,0.5499,0.0547022558748722,0.5308131575584412,0.4144846200942993,But yes
764,766,0.643,0.357,0.0,-0.5574,0.8901754021644592,0.0966227576136589,0.0132018513977527,Some groomer shit
765,767,0.0,1.0,0.0,0.0,0.3009649515151977,0.581093430519104,0.1179416626691818,Why
768,770,0.0,0.746,0.254,0.1779,0.6921793818473816,0.2929210662841797,0.0148994978517293, Corrupted islam religion is growing up
771,773,0.683,0.317,0.0,-0.6486,0.839103639125824,0.1400396227836609,0.0208567734807729,Fucker its 2023
773,775,0.0,1.0,0.0,0.0,0.2422975152730941,0.5310761332511902,0.2266263365745544,samee
777,779,0.0,1.0,0.0,0.0,0.2212971597909927,0.5425747632980347,0.2361280769109726,VDD
779,781,0.0,0.417,0.583,0.6369,0.0219489857554435,0.5419961214065552,0.4360548853874206, Pure love nada ver
780,782,0.0,1.0,0.0,0.0,0.209025353193283,0.6572538018226624,0.1337208449840545,Vddkakakaka
782,784,0.0,1.0,0.0,0.0,0.4460709393024444,0.5279861092567444,0.0259429868310689,Leitenant Gomunkul 6 shut up
783,785,0.0,1.0,0.0,0.0,0.2524531185626983,0.5152155160903931,0.2323313057422638,kek
784,786,0.0,0.263,0.737,0.4215,0.0405131876468658,0.7240594625473022,0.2354274243116378, e55QHTS4 lol
788,790,0.0,1.0,0.0,0.0,0.2441809773445129,0.5298933386802673,0.2259256541728973,SI
789,791,0.098,0.734,0.168,0.5574,0.8739740252494812,0.1112718805670738,0.0147540504112839," LeloXtra Bahahahaha, as with the others you ' re just a troll who lost his bridge. Clearly you haven ' t heard  ' Salem '  or the more recent  ' Star Walkin. '  More likely though you just don ' t care. What a waste of neurons electricity for you to transmit bullsh*t everywhere, lol"
790,792,0.313,0.551,0.136,-0.6351,0.7815751433372498,0.1975844055414199,0.020840423181653, Capybara and Watermelon Enjoyer are u crazy ?! He twerks on the devil in his music videos !
791,793,0.0,0.58,0.42,0.4404,0.0307860281318426,0.4315620958805084,0.5376518964767456, LeloXtra you mean the better
792,794,0.327,0.558,0.116,-0.743,0.5030555129051208,0.4419546127319336,0.0549898669123649,"Fr , people change , some for the better , some for the worst , lil nas changed for the worst"
793,795,0.0,1.0,0.0,0.0,0.1733481734991073,0.7716472148895264,0.05500453338027, Imallyours how?
798,800,0.0,1.0,0.0,0.0,0.1846714615821838,0.5521179437637329,0.2632106244564056,"Frrr, this was a really big hit where I grew up"
805,808,0.0,1.0,0.0,0.0,0.3491368889808655,0.4716567695140838,0.1792063117027282,Never
808,811,0.0,1.0,0.0,0.0,0.2013386934995651,0.5438876748085022,0.2547736465930938,Also
809,812,0.0,0.947,0.053,0.1477,0.0882696658372879,0.7772093415260315,0.1345209181308746, supergamers tv look up what this cat ' s famous for and you ' ll recognize what I mean by then if not I ' ll tell you what I mean if really you want to know
810,813,0.185,0.588,0.227,0.128,0.6851690411567688,0.2932575047016144,0.0215733889490365," Joshua Carrera Yes, because you literally gave no context."
811,814,0.0,1.0,0.0,0.0,0.0779609084129333,0.7926455140113831,0.1293936073780059, supergamers tvreally
812,815,0.21,0.566,0.225,0.0478,0.8677266836166382,0.1230539754033088,0.0092193493619561,"I ' m so confused, like what ' s the context for this?"
813,816,0.0,1.0,0.0,0.0,0.243762731552124,0.7200415730476379,0.0361956655979156,What are you trying to say.
818,821,0.589,0.411,0.0,-0.6486,0.956012487411499,0.0382639840245246,0.0057236216962337,Middle button mother fucker
819,822,0.225,0.707,0.068,-0.7346,0.9320333003997804,0.0607791244983673,0.007187582552433,Keep me updated about the middle button mother fucker is that the button that tells you that your a prick and again and again and again wait stop a minute kind of clever button
820,823,0.0,1.0,0.0,0.0,0.1137564405798912,0.8316184282302856,0.0546252243220806,kept on tapping middle button ?
821,824,0.0,1.0,0.0,0.0,0.2206121087074279,0.5181242823600769,0.2612636387348175,Yu
822,825,0.298,0.702,0.0,-0.6428,0.9438593983650208,0.0507483892142772,0.0053922482766211,.who tf still listen this shit? all youth on Gomunkul 6 now
823,826,0.0,1.0,0.0,0.0,0.2685482501983642,0.5268139243125916,0.204637810587883,OH
824,827,0.0,0.702,0.298,0.6249,0.8524142503738403,0.1382286101579666,0.0093570342287421, mundo cats The account is a bot trying to promote a channel. I recommend reporting the account.
825,828,0.0,1.0,0.0,0.0,0.505111575126648,0.447994202375412,0.0468942634761333,WHAT?
826,829,0.0,1.0,0.0,0.0,0.4183676838874817,0.5406075716018677,0.0410246774554252,$Who tf listening Lil Nas X in 2023? All school ganstas on Gomunkul 6 now 
827,830,0.0,1.0,0.0,0.0,0.0476503781974315,0.9201579689979552,0.0321916565299034, Katryn Zetta Gomunkul 6 ?
828,831,0.0,1.0,0.0,0.0,0.3014430999755859,0.6602503657341003,0.0383065082132816,Who tf listening Lil Nas X in 2023? All school ganstas on Gomunkul 6 now  
829,832,0.298,0.702,0.0,-0.6428,0.9572712182998656,0.0396488830447196,0.0030798530206084,who tf still listen this shit? all youth on Gomunkul 6 now.
832,835,0.0,0.702,0.298,0.6249,0.8186724781990051,0.1686942130327224,0.0126332323998212, Dreaming Dreamer The account is a bot trying to promote a channel. I recommend reporting the account.
834,837,0.0,0.783,0.217,0.3612,0.1257535964250564,0.7239458560943604,0.1503005772829055,$LOL IN THIS TRACK LIL NAS X TRYNA SOUND LIKE GOMUNKUL 6
835,838,0.0,1.0,0.0,0.0,0.0459074862301349,0.7836620211601257,0.1704304367303848,Lil Nas X = 2019. Year now = 2023. All normal people listening Gomunkul 6 now  
837,840,0.298,0.702,0.0,-0.6428,0.9551552534103394,0.0415174700319767,0.0033272900618612,who tf still listen this shit? all youth on Gomunkul 6 now#
838,841,0.0,1.0,0.0,0.0,0.0571508891880512,0.7646690011024475,0.1781801432371139,$Lil Nas X = 2019. Year now = 2023. All normal people listening Gomunkul 6 now 
839,842,0.0,1.0,0.0,0.0,0.029521120712161,0.8041040301322937,0.1663748621940612, LOL lil nas x baited gomunkul 6 style for this track
841,844,0.0,1.0,0.0,0.0,0.2702100872993469,0.6656188368797302,0.0641710385680198,Who asked
842,845,0.0,0.694,0.306,0.5473,0.0234518107026815,0.661475419998169,0.3150727748870849,LOL lil nas x baited gomunkul 6 style for this track#
844,847,0.0,1.0,0.0,0.0,0.0440261922776699,0.8979694843292236,0.0580042824149131, Katryn Zetta Gomunkul 6 yeap
845,848,0.0,0.602,0.398,0.6486,0.1426202058792114,0.6924459934234619,0.1649338454008102,.LOL IN THIS TRACK LIL NAS X TRYNA SOUND LIKE GOMUNKUL 6
847,850,0.298,0.702,0.0,-0.6428,0.9534083008766174,0.0428790710866451,0.0037125402595847,$who tf still listen this shit? all youth on Gomunkul 6 now
848,851,0.0,0.694,0.306,0.5473,0.0473086163401603,0.7450828552246094,0.2076084464788437,.LOL lil nas x baited gomunkul 6 style for this track
849,852,0.0,1.0,0.0,0.0,0.0519521124660968,0.779156506061554,0.168891429901123,:Lil Nas X = 2019. Year now = 2023. All normal people listening Gomunkul 6 now 
850,853,0.0,0.263,0.737,0.4215,0.1335033625364303,0.5377119183540344,0.328784704208374,Bro lol
851,854,0.0,1.0,0.0,0.0,0.055609431117773,0.9076218605041504,0.0367687307298183, Katryn Zetta Gomunkul 6 I see...
852,855,0.0,1.0,0.0,0.0,0.0510837212204933,0.7710224390029907,0.1778938323259353,.Lil Nas X = 2019. Year now = 2023. All normal people listening Gomunkul 6 now 
853,856,0.0,1.0,0.0,0.0,0.371120810508728,0.5873332023620605,0.0415459536015987,Who tf listening Lil Nas X in 2023? All school ganstas on Gomunkul 6 now .
854,857,0.0,0.27,0.73,0.4019,0.0606950595974922,0.5347086191177368,0.4045963287353515,yes really
856,859,0.0,1.0,0.0,0.0,0.304332822561264,0.6561573147773743,0.0395098738372325,Who tf listening Lil Nas X in 2023? All school ganstas on Gomunkul 6 now :
858,861,0.0,1.0,0.0,0.0,0.0258041266351938,0.9304208159446716,0.0437751077115535, Zarc x Waffle Trades Shipper 12?
859,862,0.0,0.588,0.412,0.4215,0.0669547989964485,0.7979052662849426,0.1351399421691894,How Young Are You Lol
861,864,0.298,0.702,0.0,-0.6428,0.9518056511878968,0.0446561612188816,0.0035381426569074,who tf still listen this shit? all youth on Gomunkul 6 now$
862,865,0.0,1.0,0.0,0.0,0.3308005332946777,0.6240777373313904,0.0451217889785766, Who tf listening Lil Nas X in 2023? All school ganstas on Gomunkul 6 now 
863,866,0.0,1.0,0.0,0.0,0.0500837452709674,0.77030348777771,0.1796128153800964, Lil Nas X = 2019. Year now = 2023. All normal people listening Gomunkul 6 now 
864,867,0.0,0.694,0.306,0.5473,0.0363834835588932,0.7234237194061279,0.2401928156614303,"LOL lil nas x baited gomunkul 6 style for this track,"
868,871,0.0,1.0,0.0,0.0,0.3261504769325256,0.6327041387557983,0.0411453880369663,Who tf listening Lil Nas X in 2023? All school ganstas on Gomunkul 6 now #
870,873,0.0,0.694,0.306,0.5473,0.0271702855825424,0.691704273223877,0.2811254858970642,:LOL lil nas x baited gomunkul 6 style for this track
871,874,0.0,1.0,0.0,0.0,0.3615351915359497,0.5967032313346863,0.0417616069316864,"Who tf listening Lil Nas X in 2023? All school ganstas on Gomunkul 6 now ,"
872,875,0.0,1.0,0.0,0.0,0.5397462248802185,0.4386701285839081,0.0215836707502603, Katryn Zetta Gomunkul 6 I dont even know what that is
873,876,0.0,1.0,0.0,0.0,0.0488713383674621,0.7707449197769165,0.1803837418556213,Lil Nas X = 2019. Year now = 2023. All normal people listening Gomunkul 6 now .
875,878,0.0,0.571,0.429,0.7761,0.1118249297142028,0.7077752351760864,0.1803998202085495,LOL IN THIS TRACK LIL NAS X TRYNA SOUND LIKE GOMUNKUL 6$
877,880,0.0,1.0,0.0,0.0,0.1132905557751655,0.8183825612068176,0.0683268308639526, Micheal scofield ya bi sq
878,881,0.0,1.0,0.0,0.0,0.2318338006734848,0.5347641706466675,0.2334020435810089,Ee
880,883,0.0,0.694,0.306,0.5473,0.0258985180407762,0.7276973128318787,0.2464042007923126,LOL lil nas x baited gomunkul 6 style for this track:
881,884,0.0,1.0,0.0,0.0,0.3867469131946563,0.5660138130187988,0.0472392812371254,.Who tf listening Lil Nas X in 2023? All school ganstas on Gomunkul 6 now 
884,887,0.0,1.0,0.0,0.0,0.0047067096456885,0.122710607945919,0.872582733631134,Me;)
887,890,0.0,1.0,0.0,0.0,0.0562250539660453,0.5205271244049072,0.423247754573822,Uwuw daddy
892,895,0.0,1.0,0.0,0.0,0.1847489774227142,0.5760982632637024,0.2391527146100998,1B
894,897,0.0,0.61,0.39,0.4927,0.0037239037919789,0.0405880734324455,0.9556879997253418,it ' s a very good song isn ' t it?
895,898,0.0,1.0,0.0,0.0,0.2734729349613189,0.4964211583137512,0.230105847120285,Oo
896,899,0.0,0.192,0.808,0.6369,0.0067696822807192,0.0375253669917583,0.955704927444458,I love you
897,900,0.0,1.0,0.0,0.0,0.2048013508319854,0.5265480875968933,0.2686505615711212,Hallo
899,902,0.0,0.872,0.128,0.2263,0.2290636897087097,0.5732352137565613,0.1977011263370514,Lol 3 years not old. But for someone 14 years old I guess it ' s a long time.
900,903,0.0,1.0,0.0,0.0,0.3454465270042419,0.5761016607284546,0.0784517899155616,nigga you 12
901,904,0.0,1.0,0.0,0.0,0.6772971153259277,0.28029265999794,0.0424101687967777,"3y talking from old times, ohh my god. Lost of words."
904,907,0.0,1.0,0.0,0.0,0.1052338182926178,0.5508431792259216,0.3439229428768158,Of course
906,909,0.0,1.0,0.0,0.0,0.026534454897046,0.9089199900627136,0.0645455420017242,It ' s gonna be 4 now
907,910,0.0,1.0,0.0,0.0,0.2593160271644592,0.703224241733551,0.0374597497284412, Cry YT mate why cus:-
908,911,0.0,1.0,0.0,0.0,0.3672021031379699,0.5149781107902527,0.1178197935223579,Frrr
909,912,0.0,1.0,0.0,0.0,0.1140185445547103,0.7782460451126099,0.1077355071902275, Cry YT Im everywhere
910,913,0.487,0.513,0.0,-0.5859,0.3680753111839294,0.6066449880599976,0.0252796709537506, yo wtf are u doing here
911,914,0.0,1.0,0.0,0.0,0.1507486999034881,0.7648745775222778,0.084376759827137, Cry YT That name sounds fimiliar
912,915,0.0,1.0,0.0,0.0,0.215287983417511,0.4943002760410309,0.2904117107391357,yup
913,916,0.604,0.396,0.0,-0.7269,0.5810350179672241,0.4050682783126831,0.0138967437669634,Stop the war with ukraine bro
914,917,0.0,1.0,0.0,0.0,0.1080156713724136,0.8207598328590393,0.07122453302145, jesicabill chill spoko to twoje zdanie
915,918,0.0,1.0,0.0,0.0,0.2347277253866195,0.5079411864280701,0.2573310434818268,Nie
917,920,0.0,1.0,0.0,0.0,0.3314505219459533,0.6234902739524841,0.0450591146945953,Who tf still listen to lil nas x all school gang are on gomunkul 6 now
926,929,0.0,1.0,0.0,0.0,0.2433645725250244,0.5458184480667114,0.2108170092105865,Tbm
927,930,0.255,0.745,0.0,-0.34,0.0031050143297761,0.0411528497934341,0.955742120742798,milburn jafinda yesss boy he music is fire
928,931,0.362,0.638,0.0,-0.1779,0.1816297769546508,0.6922971606254578,0.1260730326175689,Bro you take seriously
929,932,0.374,0.626,0.0,-0.4574,0.95537006855011,0.0389085859060287,0.005721362773329,The song is too damn short!
931,934,0.0,1.0,0.0,0.0,0.1634918451309204,0.6277709603309631,0.2087372094392776,It really does
932,935,0.0,0.27,0.73,0.4019,0.0712453052401542,0.5288282036781311,0.3999265432357788,Yes sir
934,937,0.0,0.571,0.429,0.7761,0.1038206666707992,0.7209564447402954,0.1752228438854217,LOL IN THIS TRACK LIL NAS X TRYNA SOUND LIKE GOMUNKUL 6 
935,938,0.0,1.0,0.0,0.0,0.0508494302630424,0.8051626682281494,0.1439879238605499,Lil Nas X = 2019. Year now = 2023. All normal people listening Gomunkul 6 now :
936,939,0.0,1.0,0.0,0.0,0.0795772746205329,0.8656674027442932,0.0547552928328514,Johnny Joestar...
940,943,0.0,1.0,0.0,0.0,0.1188900023698806,0.8251250982284546,0.0559848994016647, LeonelVEVO Who asked ?
942,945,0.0,1.0,0.0,0.0,0.2373584061861038,0.4701205492019653,0.292521059513092,ye
944,947,0.0,1.0,0.0,0.0,0.4116299450397491,0.5308286547660828,0.0575413666665554,Frfrfr
947,950,0.0,0.545,0.455,0.3612,0.0434936843812465,0.8882646560668945,0.0682416707277298,do you like loona ?
948,951,0.0,0.602,0.398,0.6486,0.1074452549219131,0.725697934627533,0.1668568104505539,",LOL IN THIS TRACK LIL NAS X TRYNA SOUND LIKE GOMUNKUL 6"
952,955,0.0,0.744,0.256,0.628,0.5096030831336975,0.4155930578708648,0.0748038738965988, Just Fer thats why you ' re here after a few years listening to this? lmfao
954,957,0.0,1.0,0.0,0.0,0.1256372332572937,0.6800616383552551,0.1943010836839676,It did
955,958,0.0,0.256,0.744,0.4404,0.0080760112032294,0.1010810434818267,0.8908429145812988,Even better.
956,959,0.0,1.0,0.0,0.0,0.0434867106378078,0.8917664289474487,0.0647467821836471, Abdulazez Alakeely  all in asia
957,960,0.0,1.0,0.0,0.0,0.0986069217324256,0.835604727268219,0.0657883584499359,Where in Asia?
958,961,0.22,0.55,0.23,0.0516,0.830277144908905,0.1578117161989212,0.0119111556559801,He dosent look like this now he might as well be trans. Sorry wrong guy
959,962,0.0,0.256,0.744,0.4404,0.0127308862283825,0.1009032428264617,0.8863658308982849,Good Job
960,963,0.0,1.0,0.0,0.0,0.1323480606079101,0.8012885451316833,0.0663633868098259, Sachin Gangane tuzya aaichi gand
961,964,0.0,1.0,0.0,0.0,0.1128148287534713,0.7508876919746399,0.1362974494695663, Ritesh hoy
962,965,0.0,1.0,0.0,0.0,0.1663569509983062,0.705632746219635,0.1280103474855423,Marathi ho
964,967,0.0,1.0,0.0,0.0,0.6833614110946655,0.3031078577041626,0.0135307041928172,Leo ? But that ' s not matched
965,968,0.0,0.479,0.521,0.8271,0.2057939767837524,0.5608100295066833,0.2333960384130478, who cares bout drake lol  atleast he was better 4 years ago.
967,970,0.0,0.597,0.403,0.4019,0.005733776371926,0.3010469973087311,0.6932191848754883,Going to be yes sir
968,971,0.0,1.0,0.0,0.0,0.1083340719342231,0.8573997616767883,0.0342661887407302, Slyph3rZ 36 year old?
969,972,0.419,0.581,0.0,-0.5574,0.6832183599472046,0.2816579937934875,0.035123698413372,Shit I was 19 back in 2006
970,973,0.423,0.577,0.0,-0.296,0.0929853394627571,0.8290064930915833,0.0780082121491432, Simpossible no summer 1999
971,974,0.0,1.0,0.0,0.0,0.0501681193709373,0.8847563862800598,0.065075509250164, juwan Howard hollowell to that old town road
972,975,0.0,0.526,0.474,0.4019,0.2149082869291305,0.4831360876560211,0.3019556403160095,I wish I could go back
973,976,0.0,1.0,0.0,0.0,0.1865832209587097,0.7675369381904602,0.045879803597927,U wrote this.  5 year and 3 hour ago.
976,979,0.0,0.0,0.0,0.0,0.1718872785568237,0.5718345046043396,0.2562782168388366,+
979,982,0.0,1.0,0.0,0.0,0.3526451289653778,0.601607084274292,0.0457478202879428,",Who tf listening Lil Nas X in 2023? All school ganstas on Gomunkul 6 now "
983,986,0.0,0.571,0.429,0.7761,0.1147130355238914,0.7095648050308228,0.1757221519947052,LOL IN THIS TRACK LIL NAS X TRYNA SOUND LIKE GOMUNKUL 6.
985,988,0.298,0.702,0.0,-0.6428,0.94328510761261,0.0528892427682876,0.0038255634717643,who tf still listen this shit? all youth on Gomunkul 6 now:
986,989,0.0,1.0,0.0,0.0,0.0511811710894107,0.776929497718811,0.1718893349170684,Lil Nas X = 2019. Year now = 2023. All normal people listening Gomunkul 6 now $
988,991,0.0,1.0,0.0,0.0,0.0503723472356796,0.7752788662910461,0.1743487268686294,"Lil Nas X = 2019. Year now = 2023. All normal people listening Gomunkul 6 now ,"
992,995,0.0,1.0,0.0,0.0,0.0375427156686782,0.7776949405670166,0.1847623288631439,$LOL lil nas x baited gomunkul 6 style for this track
994,997,0.0,1.0,0.0,0.0,0.2268694788217544,0.559140682220459,0.2139898240566253,Doge
995,998,0.0,1.0,0.0,0.0,0.1251076012849807,0.4880564510822296,0.3868359327316284, WUUUTUUTUTUTUTUUTTUTT i dont think most people listen to it anymore but it was LIT
996,999,0.298,0.702,0.0,-0.6428,0.9568663239479064,0.0399590581655502,0.0031746313907206,who tf still listen this shit? all youth on Gomunkul 6 now 
997,1000,0.0,1.0,0.0,0.0,0.0019978550262749,0.0960405692458152,0.9019615650177002,Lets make  MONEYYY   < 3
998,1001,0.0,0.278,0.722,0.6369,0.0023894899059087,0.0979377403855323,0.8996727466583252," WilliamAnthonyLeasure777 Yes, Thank you."
999,1002,0.0,0.64,0.36,0.8957,0.0296637490391731,0.6028795838356018,0.367456704378128," Money Master like travellers from heaven coming with perfect health to serve the food, entertain the massases, guard the lot, run the equipment etc. Ya"
1000,1003,0.0,1.0,0.0,0.0,0.0012930575758218,0.0745918005704879,0.9241151213645936,Lets make  MONEYYY   < 3!
1001,1004,0.0,1.0,0.0,0.0,0.0013647050363942,0.0633096769452095,0.9353256225585938,Lets make  MONEYYY   < 3!!!
1002,1005,0.0,1.0,0.0,0.0,0.002650701906532,0.0660779029130935,0.9312714338302612,Lets make  MONEYYY   < 3!!!!!!!!
1003,1006,0.0,1.0,0.0,0.0,0.0024262915831059,0.0618081949651241,0.935765504837036,Lets make  MONEYYY   < 3!!!!!!!!!!
1006,1009,0.0,1.0,0.0,0.0,0.0028412416577339,0.061214055866003,0.935944676399231,Lets make  MONEYYY   < 3!!!!!!!!!!!!
1007,1010,0.0,1.0,0.0,0.0,0.0025869170203804,0.0592210032045841,0.9381920695304872,Lets make  MONEYYY   < 3!!!!!!!!!!!!!!
1008,1011,0.0,1.0,0.0,0.0,0.0025020842440426,0.0586473569273948,0.9388505220413208,Lets make  MONEYYY   < 3!!!!!!!!!!!
1009,1012,0.0,1.0,0.0,0.0,0.0027446043677628,0.0595637150108814,0.9376916289329528,Lets make  MONEYYY   < 3!!!!!!!!!!!!!!!
1015,1018,0.082,0.682,0.236,0.6597,0.9476629495620728,0.0467980429530143,0.0055390349589288," WUUUTUUTUTUTUTUUTTUTT People who like what they like. Do you always suck the fun out of everything you come across, or did you never make it past 3rd grade?"
1017,1020,0.294,0.706,0.0,-0.836,0.7103998064994812,0.2355905920267105,0.0540096908807754,Because this shit is a one hit wonder that only got so big because of Red Dead Redemption 2? You are correct.
1023,1026,0.0,1.0,0.0,0.0,0.1095020174980163,0.8174511790275574,0.073046751320362,Ah mais clairement
1024,1027,0.0,0.649,0.351,0.4019,0.0362243503332138,0.5388995409011841,0.4248760938644409,yes bro beginning  Music is similar
1025,1028,0.0,0.0,1.0,0.3612,0.0531270056962966,0.6128663420677185,0.3340066969394684,Agree
1026,1029,0.0,1.0,0.0,0.0,0.2457102090120315,0.5649334192276001,0.1893563717603683,Doc
1027,1030,0.0,1.0,0.0,0.0,0.2740117013454437,0.6297922730445862,0.0961960405111312,Idjeofif
1028,1031,0.0,1.0,0.0,0.0,0.2109849452972412,0.6229161024093628,0.1660989075899124,Gojeogjd
1029,1032,0.571,0.429,0.0,-0.6115,0.9782387018203736,0.0165278147906065,0.0052334079518914,I fucking hate this planet...
1031,1034,0.0,1.0,0.0,0.0,0.097733736038208,0.7545755505561829,0.1476906985044479, Evelyn tmb
1032,1035,0.0,1.0,0.0,0.0,0.0657470598816871,0.8205582499504089,0.1136945933103561,VERDADE EU AMO DMSSS
1033,1036,0.0,1.0,0.0,0.0,0.1775692999362945,0.7209264636039734,0.1015041768550872,Starting same ma iruku illa
1035,1038,0.0,0.684,0.316,0.8795,0.0029156543314456,0.1028872057795524,0.8941971063613892,"To  WHOEVER  is  READING  THIS, may you be  BLESSED  and all your  DREAMS  come TRUE. And most importantly: MAY you become  FINANCIALLY  FREE in  2023 "
1036,1039,0.483,0.517,0.0,-0.4215,0.3116343319416046,0.6465015411376953,0.0418640747666358,But no one ask
1037,1040,0.0,1.0,0.0,0.0,0.2011005729436874,0.6858155727386475,0.1130838692188263,JJAJAJAAJA
1038,1041,0.0,0.549,0.451,0.6249,0.1069655939936637,0.817529559135437,0.0755048021674156,where is ur 1b views masterpiece ?
1039,1042,0.0,1.0,0.0,0.0,0.0425661727786064,0.916581928730011,0.0408519320189952,That ' s Diplo music producer
1040,1043,0.0,1.0,0.0,0.0,0.1151247695088386,0.809949517250061,0.0749257504940033,But as i remember it blowups in 2019
1043,1046,0.0,0.588,0.412,0.6369,0.0074437884613871,0.3847221136093139,0.6078341007232666,"Hello Lisa, did you love this song?"
1047,1050,0.0,1.0,0.0,0.0,0.0726415663957595,0.8418205380439758,0.0855378806591034, Mineiro MTA vdd isso e uma obra de arte
1048,1051,0.0,1.0,0.0,0.0,0.0361391492187976,0.8758808970451355,0.0879800021648407,"Em pleno 2023, e nos escutando essa obra de arte"
1051,1054,0.0,0.507,0.493,0.7783,0.0025601692032068,0.0137636819854378,0.9836761355400084, Shortstuff Jay I loved the whole piece. Thanks for asking
1052,1055,0.0,0.707,0.293,0.7672,0.006425519939512,0.3146415054798126,0.6789329648017883, veriteri32 of course :D Gotta give credit where credit ' s due. Can I ask what you thought of the song?
1053,1056,0.046,0.758,0.196,0.7964,0.0027477873954921,0.0191203393042087,0.978131890296936,"I didn ' t know that, thank you for the information. I checked 34 Ghosts out tonight and now I ' m back into listening to them. I remember when they first came out and I loved  ' em. Missed so much and I ' m back on it. Thanks again"
1054,1057,0.0,0.698,0.302,0.3818,0.014791214838624,0.362504780292511,0.622704029083252, Coach Ty  Yea that sounds about right.
1056,1059,0.0,1.0,0.0,0.0,0.457468032836914,0.506425142288208,0.0361068807542324,"No. It ' s some DJ, i can ' t remember his name."
1057,1060,0.63,0.37,0.0,-0.5267,0.2500590980052948,0.7149905562400818,0.0349503755569458, Mr Unknown wth
1058,1061,0.0,1.0,0.0,0.0,0.1088334396481514,0.7203395962715149,0.1708270013332367,I am a mem. My full life is mem.are you mem? Why you mem.
1059,1062,0.688,0.312,0.0,-0.296,0.2324413955211639,0.612417459487915,0.155141144990921, Aniket no
1060,1063,0.0,0.598,0.402,0.5216,0.4818259477615356,0.4637056589126587,0.0544683746993541, Sean McBrearty I never said I hated it
1061,1064,0.0,1.0,0.0,0.0,0.0514623299241066,0.9117748141288756,0.0367629118263721,Meme songs ? Are you 10?
1064,1067,0.0,1.0,0.0,0.0,0.0281836502254009,0.8227155208587646,0.1491009145975113, Amanda Knox me too this Lil Nas X was him in his prime
1066,1069,0.0,1.0,0.0,0.0,0.2778777778148651,0.5608522891998291,0.1612699776887893,Same fr
1067,1070,0.0,1.0,0.0,0.0,0.1534530073404312,0.5211161375045776,0.3254308402538299,yessir
1068,1071,0.166,0.602,0.233,0.2244,0.2567526698112488,0.6013071537017822,0.1419402062892913, TeBoonnD Stripes No! lol Did enough of that decades ago
1069,1072,0.0,1.0,0.0,0.0,0.7790032029151917,0.1889271438121795,0.0320696234703063,Your high ASF aren ' t u !!!
1070,1073,0.316,0.395,0.289,-0.0516,0.4074074923992157,0.4169371128082275,0.1756553798913955,"Yeah, man it is Crazy"
1072,1075,0.0,0.712,0.288,0.4995,0.0742501318454742,0.873070478439331,0.0526793077588081,Hey did you say hey Siri who is KK
1073,1076,0.0,1.0,0.0,0.0,0.0670978352427482,0.6887609362602234,0.2441411912441253,reply pwease
1074,1077,0.0,0.286,0.714,0.3612,0.1329167932271957,0.6366856098175049,0.230397567152977,like me
1075,1078,0.122,0.713,0.165,0.351,0.484185516834259,0.4427406787872314,0.0730738043785095," QODAS It ' s not a valid insult because it implies he somehow stopped being real or a man.  Also, gay is not bad and you have no valid counter to this."
1076,1079,0.196,0.655,0.149,-0.2023,0.9220162630081176,0.0708222314715385,0.0071614934131503, Mageclick bro a fkin gay  Its even an insult yo be called like that
1077,1080,0.0,1.0,0.0,0.0,0.0077598975040018,0.18445985019207,0.8077802658081055,"He still is.  He is a man, he is real, ergo, real man."
1078,1081,0.0,1.0,0.0,0.0,0.1852312833070755,0.7270533442497253,0.0877153873443603,I was thinking the same thing
1079,1082,0.0,1.0,0.0,0.0,0.0512379445135593,0.8066566586494446,0.1421054005622863,"Mi Bicho estas en la basura, pero mi Bicho es muy poquito"
1081,1084,0.0,1.0,0.0,0.0,0.1350793540477752,0.7778766751289368,0.0870440527796745,Te falta calle men
1083,1086,0.0,1.0,0.0,0.0,0.1112974435091018,0.8244872093200684,0.0642154440283775, Wiliam Soares kkkkk
1085,1088,0.0,1.0,0.0,0.0,0.1275170594453811,0.6940715909004211,0.1784113645553589,VAI CORINTHIANS!
1086,1089,0.0,1.0,0.0,0.0,0.1736049205064773,0.624405562877655,0.2019895762205124,Vai Corinthians
1087,1090,0.0,1.0,0.0,0.0,0.1343262791633606,0.6020664572715759,0.2636071741580963,Aha
1088,1091,0.0,1.0,0.0,0.0,0.1262794584035873,0.8200939893722534,0.0536265335977077,7 minute before ??
1089,1092,0.0,1.0,0.0,0.0,0.1766763478517532,0.6561299562454224,0.1671936959028244,hol horse
1096,1099,0.0,0.278,0.722,0.3818,0.0830523073673248,0.783313512802124,0.1336341798305511, Octopi Ty
1097,1100,0.462,0.192,0.346,-0.1531,0.7399613261222839,0.2390557527542114,0.0209829080849885,Top gun maverick
1099,1102,0.0,1.0,0.0,0.0,0.2466961443424224,0.5304850339889526,0.2228188216686248,Aamus
1101,1104,0.0,1.0,0.0,0.0,0.07224852591753,0.6070153117179871,0.3207361400127411,Yeahhh
1104,1107,0.0,1.0,0.0,0.0,0.1377216577529907,0.83259516954422,0.0296830721199512, PC LIRA Did you continue to read it?
1106,1109,1.0,0.0,0.0,-0.3612,0.3426758944988251,0.6294472217559814,0.0278769079595804,Witch?
1109,1112,0.0,1.0,0.0,0.0,0.1406725794076919,0.8337717056274414,0.0255557224154472, Jasmine Virgil bro what does that have to do with anything
1110,1113,0.0,1.0,0.0,0.0,0.3676183521747589,0.5694553256034851,0.0629263147711753,Not as legendary as still dre with snoop dogg and dr Dre
1113,1116,0.0,1.0,0.0,0.0,0.154739499092102,0.6781734228134155,0.1670870333909988,2019
1114,1117,0.0,1.0,0.0,0.0,0.0232161004096269,0.9111150503158568,0.0656688213348388,Was Lil Nas x singing old town road
1116,1119,0.0,1.0,0.0,0.0,0.2332240045070648,0.5355653166770935,0.2312106788158416,yassir
1118,1121,0.0,1.0,0.0,0.0,0.138469398021698,0.777018129825592,0.0845125019550323,Facts
1120,1123,0.0,1.0,0.0,0.0,0.2578591704368591,0.6278412938117981,0.114299476146698,ThAtS rAsIcT!
1122,1125,0.0,0.0,1.0,0.5106,0.0175534635782241,0.4310412108898163,0.5514053106307983,:D
1126,1129,0.0,1.0,0.0,0.0,0.2970933616161346,0.5993604063987732,0.1035462021827697,why ?
1127,1130,0.0,1.0,0.0,0.0,0.0554459318518638,0.8527491092681885,0.0918050184845924,I heard this song in 1800s
1129,1132,0.444,0.556,0.0,-0.34,0.2812111973762512,0.544671893119812,0.1741168797016143, bangala_du8 its to crazy
1133,1136,0.0,0.526,0.474,0.4019,0.0241467803716659,0.7480627298355103,0.2277904599905014, Luis Henrique Yes vadia
1134,1137,0.0,1.0,0.0,0.0,0.1587985455989837,0.7906700372695923,0.0505314096808433,Jojo referencie????
1135,1138,0.192,0.669,0.138,-0.3182,0.5606772303581238,0.4186650216579437,0.0206577032804489,not all gays are going to hell the same as how not all hetros are going to heaven
1137,1140,0.0,1.0,0.0,0.0,0.3582925796508789,0.6126367449760437,0.0290706064552068,thats not the lyrics?
1138,1141,0.0,1.0,0.0,0.0,0.2382617592811584,0.5263957381248474,0.2353424429893493,Yoo
1141,1144,0.0,1.0,0.0,0.0,0.2223946154117584,0.5483067035675049,0.2292986512184143,ae
1142,1145,0.158,0.842,0.0,-0.4588,0.5209336280822754,0.4574834406375885,0.0215829815715551, Claudia Miotto from coward that wouldnt say it to my face if I was in front of them...
1144,1147,0.0,0.0,1.0,0.3612,0.0247732866555452,0.3228139281272888,0.6524128317832947,I agree
1146,1149,0.0,1.0,0.0,0.0,0.2576221227645874,0.6104742884635925,0.1319036334753036,wha?
1147,1150,0.0,1.0,0.0,0.0,0.1453011482954025,0.7612950205802917,0.0934037715196609,Y mexicano igual
1151,1154,0.0,1.0,0.0,0.0,0.0115910144522786,0.5190964937210083,0.4693124890327453,brings me back when i was 23
1152,1155,0.403,0.597,0.0,-0.2551,0.568402886390686,0.3754931390285492,0.0561039485037326, PoopFartButt69 little kids smh
1153,1156,0.0,0.263,0.737,0.4215,0.1597765982151031,0.5420061349868774,0.2982172667980194,Lol child
1155,1158,0.0,1.0,0.0,0.0,0.0283439941704273,0.8324074745178223,0.1392485499382019, Ronin Alpha - The first drifter aaaaaaaaaaaaaaaaaaaaaaaaaaaaaaaaaaaaaaa
1158,1161,0.0,1.0,0.0,0.0,0.1995633244514465,0.7603329420089722,0.0401037335395813,how do you put the name in invisible?
1160,1163,0.0,0.426,0.574,0.4019,0.0469085127115249,0.4797329306602478,0.473358541727066,yes me too
1161,1164,0.0,1.0,0.0,0.0,0.1848406642675399,0.5967804193496704,0.2183789014816284,69
1162,1165,0.0,1.0,0.0,0.0,0.2390084117650985,0.5803077816963196,0.1806837767362594,Sameeee
1163,1166,0.0,1.0,0.0,0.0,0.0788169577717781,0.8745884299278259,0.0465946048498153,Becouse it ' s from 666 ...
1164,1167,0.0,0.323,0.677,0.6369,0.0047037713229656,0.0192819852381944,0.9760141968727112,i love this sogns
1165,1168,0.0,1.0,0.0,0.0,0.4945022165775299,0.4516851305961609,0.0538126528263092,ms. GoRunKul 8 shut up bot
1169,1172,0.0,1.0,0.0,0.0,0.106925830245018,0.7144400477409363,0.1786341369152069,4 I think
1170,1173,0.0,1.0,0.0,0.0,0.2194178253412246,0.7200947999954224,0.0604874603450298,Nahhhhh it must be longer
1171,1174,0.0,1.0,0.0,0.0,0.098347321152687,0.8079220652580261,0.0937306955456733, b1kMwKoU bruhhhh my school tour was 2 months ago.
1173,1176,0.0,1.0,0.0,0.0,0.175331562757492,0.7414016127586365,0.0832667350769043,IKR?!
1176,1179,0.0,1.0,0.0,0.0,0.0792614668607711,0.7720780372619629,0.1486604511737823,run2fast I know
1177,1180,0.0,1.0,0.0,0.0,0.77656489610672,0.1916368305683136,0.0317982546985149,fck druke BRUH
1178,1181,0.0,1.0,0.0,0.0,0.19742052257061,0.6235291957855225,0.1790502220392227,fck druke Bro everyone can watch Lil Nas X in 2023
1179,1182,0.423,0.577,0.0,-0.296,0.5128448605537415,0.4485976994037628,0.0385574586689472,DRAKE I have no idea
1180,1183,0.097,0.793,0.109,0.1154,0.0868779495358467,0.3732122778892517,0.5399097800254822, My mother Gomunkul actually i listened to this music when it was released. but i learned about blazing saddles yesterday from a movie review about a movie that I won ' t be naming coz its dull :)
1183,1186,0.0,0.0,0.0,0.0,0.2411880642175674,0.4958533048629761,0.2629587054252624,A
1184,1187,0.131,0.634,0.235,0.3885,0.0390710905194282,0.4587809145450592,0.5021480321884155, GOMUNKUL FAN only good nas x video is that one where he ' s in the prison and there ' s black naked men
1188,1191,0.0,1.0,0.0,0.0,0.0710784643888473,0.5129978656768799,0.4159237146377563,Timetraveller!!!!!
1189,1192,0.0,0.597,0.403,0.4019,0.0745319500565528,0.814743161201477,0.11072488874197, Shadow bro can u help me
1190,1193,0.0,1.0,0.0,0.0,0.1857410371303558,0.6026824712753296,0.211576446890831,Verdadeira
1191,1194,0.0,1.0,0.0,0.0,0.0535410977900028,0.7146878242492676,0.2317711114883422,Music time
1192,1195,0.0,1.0,0.0,0.0,0.1079672127962112,0.6583821177482605,0.2336506396532058,You did
1195,1198,0.0,0.819,0.181,0.4754,0.0039153220131993,0.1228459253907203,0.873238742351532,in 2019 this song was really popular and you would hear it everywhere you went
1196,1199,0.114,0.829,0.057,-0.296,0.1544056385755539,0.6771489977836609,0.1684453189373016,"Yeah, I ' m gonna take my horse to the old town road I ' m gonna ride  ' til I can ' t no more I ' m gonna take my horse to the old town road I ' m gonna ride  ' til I can ' t no more"
1197,1200,0.154,0.792,0.054,-0.5719,0.1259199976921081,0.5308035612106323,0.3432764112949371,"Ridin '  down Rodeo in my Maserati sports car Got no stress, I ' ve been through all that I ' m like a Marlboro Man so I kick on back Wish I could roll on back to that old town road I wanna ride  ' til I can ' t no more"
1198,1201,0.0,0.811,0.189,0.5994,0.0595009252429008,0.609329342842102,0.3311697542667389,"Hat down, cross-town, livin '  like a rockstar Spent a lot of money on my brand-new guitar Baby ' s got a habit: diamond rings and Fendi sports bras"
1200,1203,0.0,1.0,0.0,0.0,0.6993900537490845,0.2743090689182281,0.0263008717447519,YOU CANT TELL ME NOTHING
1201,1204,0.237,0.763,0.0,-0.4215,0.5102152824401855,0.4530994892120361,0.0366852357983589,Ill  be yo hoe if you give me some food?
1203,1206,0.0,0.73,0.27,0.3802,0.7219935059547424,0.2525356411933899,0.0254708267748355," TornadoHD Huh! I refuse,I promise I heard it in 2017"
1204,1207,0.0,1.0,0.0,0.0,0.0945241078734397,0.8175676465034485,0.0879083126783371," Fahad the gamer song came out in 2019, July not 2017 bro"
1205,1208,0.0,1.0,0.0,0.0,0.6372858285903931,0.3320131003856659,0.0307010672986507,I don ' t thinks you can count
1208,1211,0.0,1.0,0.0,0.0,0.0736637637019157,0.4432218670845032,0.4831143319606781,Mmmmmmmmmmmmmmmmmeeeeeeeeeeeeeeeeeeeeeeeee
1209,1212,0.0,1.0,0.0,0.0,0.1986545920372009,0.5699063539505005,0.2314390242099762,Mee
1210,1213,0.293,0.707,0.0,-0.3595,0.1147967502474784,0.4698980152606964,0.4153051972389221,I ' m gonna ride till I can ' t no more!
1211,1214,0.0,1.0,0.0,0.0,0.0012503656325861,0.0185567419975996,0.9801928400993348,Dude lil Nas X (and in particular this song ) is my favourite singer
1212,1215,0.0,1.0,0.0,0.0,0.4739303588867187,0.4670076966285705,0.0590620152652263,DID YOU COOY THIS
1213,1216,0.0,1.0,0.0,0.0,0.1396855264902115,0.742829442024231,0.1174850165843963,what do you have?
1214,1217,0.0,1.0,0.0,0.0,0.1424778699874878,0.6849929094314575,0.1725292950868606, my master gomunkul told me this At least you can understand what nas is saying unlike your  ' MaStEr GoMunKul ' 
1215,1218,0.355,0.645,0.0,-0.296,0.565488338470459,0.4117187261581421,0.022792886942625, tate2 i ' m no speak English
1216,1219,0.615,0.385,0.0,-0.4939,0.5115540623664856,0.4725649058818817,0.0158810522407293, Gomunkul Tate spammer?
1217,1220,0.246,0.599,0.156,-0.3612,0.9788610339164734,0.0188286565244197,0.0023103312123566, Gomunkul Tate this is the worst way to promote ur trash music
1218,1221,0.0,1.0,0.0,0.0,0.1206075027585029,0.8129580020904541,0.0664344877004623, juicesipp normal?
1219,1222,0.0,1.0,0.0,0.0,0.119200512766838,0.7950960993766785,0.0857034400105476, tate2 humans
1220,1223,0.306,0.694,0.0,-0.296,0.2188584953546524,0.6988573670387268,0.0822841376066207,No le llega ni a los talones
1221,1224,0.0,1.0,0.0,0.0,0.0254706591367721,0.7899240851402283,0.1846053004264831,Almost 2023 buddy
1222,1225,0.0,1.0,0.0,0.0,0.0650529563426971,0.7692149877548218,0.1657321155071258, gomunkul army I don ' t? But when ever I do hear it I see it as a classic-
1224,1227,0.0,1.0,0.0,0.0,0.4685234725475311,0.4914790689945221,0.0399974957108497,Funk you bich aso gai
1225,1228,0.0,1.0,0.0,0.0,0.5552897453308105,0.3829015791416168,0.0618086196482181,Oop
1226,1229,0.0,1.0,0.0,0.0,0.1878885626792907,0.6934483647346497,0.1186630874872207,I meant more
1229,1232,1.0,0.0,0.0,-0.5859,0.6616051197052002,0.3114397227764129,0.0269551184028387,Wtf?
1230,1233,0.0,0.897,0.103,0.3182,0.5165851712226868,0.4398923516273498,0.0435224510729312, UC_3LIdpW3m2iRzY2BuCuEYQ I ' m not normal. I heard Russian version of  ' Old town road '  first about a year ago. And I discovered original a few days ago.
1231,1234,0.546,0.454,0.0,-0.3412,0.939369797706604,0.0530616119503974,0.0075685689225792,Your not funny
1232,1235,0.0,0.208,0.792,0.5859,0.0730433762073516,0.8640934228897095,0.0628631487488746, Matt02 xd?
1233,1236,0.0,0.0,1.0,0.5859,0.217982217669487,0.6189861297607422,0.1630316227674484,xd?
1235,1238,0.688,0.312,0.0,-0.296,0.207528606057167,0.6770219802856445,0.1154494509100914, loli_V2222 no
1238,1241,0.524,0.476,0.0,-0.296,0.2114428877830505,0.6663649082183838,0.122192196547985, Danielero14 xk no
1240,1243,0.0,0.0,1.0,0.5859,0.0903665646910667,0.6248350739479065,0.2847982943058014,XD
1243,1246,0.286,0.714,0.0,-0.7783,0.9126450419425964,0.0782966315746307,0.0090583292767405," khrVaLJB shut your mouth, anime photo, dull and shameful, if you think it ' s shit, keep it to yourself, random"
1245,1248,0.796,0.204,0.0,-0.8316,0.9730239510536194,0.0240801032632589,0.0028958830516785,Your just racist bitch
1246,1249,0.0,1.0,0.0,0.0,0.0117384828627109,0.7393216490745544,0.2489398866891861, DARUI &  im listening
1247,1250,0.0,1.0,0.0,0.0,0.1535282284021377,0.7552802562713623,0.0911915004253387, Gomenkul bait
1248,1251,0.0,1.0,0.0,0.0,0.1084352061152458,0.8246463537216187,0.0669184550642967,SIX ARMY bot
1250,1253,0.0,1.0,0.0,0.0,0.0107341967523098,0.8331610560417175,0.1561047285795211,SIX ARMY read the remaining comments.. u may get a brief count on hw many ppl are vibin on this song
1251,1254,0.487,0.513,0.0,-0.5859,0.4454753994941711,0.5250974297523499,0.0294272042810916,SIX ARMY Wtf is that?
1252,1255,0.0,1.0,0.0,0.0,0.9315490126609802,0.0605236291885376,0.0079273870214819,Fck this ghay isht
1253,1256,0.121,0.879,0.0,-0.296,0.1791380196809768,0.7136567234992981,0.1072052419185638,surtout que le  ' I ' m gonna ride till I can ' t no more '  lui je l ' entends bien par contre ...
1255,1258,0.0,1.0,0.0,0.0,0.3106782436370849,0.4952824711799621,0.1940392702817917,Oooo
1256,1259,0.0,1.0,0.0,0.0,0.0222861804068088,0.7328250408172607,0.2448887676000595, BlueSide welp u are watching in 2022 too ._.
1257,1260,0.196,0.804,0.0,-0.296,0.1035349816083908,0.7658765912055969,0.1305883526802063,no ur the only one who watching it in 2022
1258,1261,0.0,1.0,0.0,0.0,0.316154420375824,0.5094199180603027,0.1744256615638733,I know
1259,1262,0.0,0.0,0.0,0.0,0.2851147949695587,0.5531851649284363,0.1617000699043274,Y e s
1260,1263,0.0,1.0,0.0,0.0,0.1147576496005058,0.7723278403282166,0.1129144728183746, Ratio FN  Google translate said U said and it is
1261,1264,0.0,0.0,0.0,0.0,0.2591809332370758,0.5368509292602539,0.2039681822061538,y e s
1262,1265,0.0,1.0,0.0,0.0,0.2303174287080764,0.6568717956542969,0.112810805439949,Comments
1263,1266,0.0,1.0,0.0,0.0,0.1107466891407966,0.8047766089439392,0.0844767019152641,3 years  later
